userId,recommended_movieIds
1,"[1305, 122892, 122920, 106642, 98491, 205, 301, 308, 319, 326, 363, 390, 8675, 537, 549, 741, 845, 850, 935, 961]"
2,"[633, 766, 1041, 1148, 1198, 1357, 40, 53, 107, 111, 260, 299, 345, 632, 663, 750, 806, 850, 7153, 1201]"
3,"[1584, 4016, 58, 30810, 101, 2186, 194, 2333, 86377, 458, 2501, 491, 39414, 535, 594, 8970, 2863, 908, 5064, 1029]"
4,"[262, 1085, 1564, 1824, 2660, 3929, 3943, 13, 53, 116, 188, 268, 306, 307, 308, 326, 390, 465, 82459, 632]"
5,"[1955, 59387, 29, 49280, 8530, 741, 898, 905, 909, 1005, 42004, 1086, 1272, 1286, 91529, 1952, 2042, 59418, 2138, 59784]"
6,"[66297, 940, 1887, 1918, 60161, 60756, 3811, 79008, 5401, 62956, 82, 178, 232, 265, 306, 348, 392, 106920, 482, 521]"
7,"[53, 176, 224, 268, 446, 632, 766, 850, 1111, 1211, 1354, 2118, 28, 58, 86, 57504, 247, 279, 280, 412]"
8,"[29, 41, 156, 194, 41285, 57669, 8530, 82459, 556, 741, 49957, 9010, 905, 42004, 1209, 1211, 1224, 1230, 34072, 1466]"
9,"[1148, 549, 11, 92, 112, 116, 229, 315, 321, 326, 428, 556, 635, 653, 661, 694, 720, 728, 866, 898]"
10,"[1224, 122900, 25, 26662, 41, 2118, 88140, 2140, 2167, 8341, 57504, 127202, 2287, 314, 342, 2413, 2430, 108932, 106920, 2527]"
11,"[73, 107, 194, 8387, 222, 306, 308, 326, 663, 99030, 806, 905, 913, 922, 951, 107447, 1088, 1212, 1244, 1276]"
12,"[49530, 2119, 2470, 69122, 3917, 4140, 4321, 4499, 4520, 4681, 54503, 63082, 46976, 47610, 72998, 89864, 14, 122904, 33004, 262]"
13,"[122882, 36931, 71838, 237, 2291, 246, 57669, 4489, 2501, 458, 4584, 491, 2596, 594, 2759, 8957, 49957, 2863, 9010, 86882]"
14,"[28, 838, 1009, 1393, 1702, 2021, 2301, 2872, 3638, 3997, 4308, 4459, 5444, 5812, 7502, 73881, 57504, 213, 289, 314]"
15,"[2068, 2330, 3038, 4088, 4617, 5960, 108583, 163949, 116, 190, 250, 422, 98963, 850, 973, 1066, 1085, 1123, 132333, 1420]"
16,"[326, 3072, 3142, 122882, 25, 73, 107, 2231, 194, 4380, 2344, 308, 2427, 524, 4641, 6787, 663, 671, 2759, 720]"
17,"[8197, 8240, 99, 190, 8530, 8542, 33138, 115122, 8650, 531, 549, 98963, 99030, 8933, 8955, 850, 946, 973, 1085, 1420]"
18,"[1304, 1517, 8, 28, 71, 116, 149, 156, 175, 229, 267, 270, 2318, 338, 345, 347, 491, 520, 534, 551]"
19,"[53, 8650, 8933, 850, 58303, 2068, 2351, 2927, 2984, 3823, 4612, 4705, 47728, 25852, 7208, 32525, 8121, 13, 116, 205]"
20,"[82459, 3000, 3108, 52435, 85414, 4846, 31193, 7075, 7826, 81562, 122882, 29, 80, 257, 266, 281, 301, 303, 8958, 805]"
21,"[905, 1354, 122900, 53, 57504, 205, 262, 307, 308, 319, 326, 8528, 373, 446, 465, 501, 82459, 632, 665, 728]"
22,"[1131, 1132, 1244, 3034, 27721, 27790, 3505, 3526, 44633, 5444, 6405, 6743, 7256, 7355, 7720, 106471, 98491, 41285, 8645, 8981]"
23,"[2984, 8197, 116, 32898, 205, 8530, 8542, 390, 8650, 549, 635, 98963, 8933, 850, 171, 115569, 937, 935, 58303, 961]"
24,"[1198, 40, 41, 85, 111, 260, 281, 307, 345, 458, 491, 33493, 750, 766, 99114, 27478, 4993, 924, 1029, 1036]"
25,"[2106, 2490, 801, 913, 994, 54286, 1042, 1060, 3176, 1272, 1304, 3429, 1584, 3948, 1918, 59315, 28, 111, 156, 175]"
26,"[156, 193, 194, 216, 74152, 90600, 49957, 9010, 1032, 148626, 1209, 1211, 1234, 50658, 50703, 50742, 50740, 1680, 59273, 108583]"
27,"[27478, 24, 107, 173, 194, 2318, 2360, 319, 326, 2406, 2467, 441, 534, 6787, 663, 4772, 806, 838, 913, 2984]"
28,"[905, 1131, 1235, 1934, 1950, 3112, 3163, 3300, 3328, 3728, 3788, 3813, 3994, 4021, 4174, 4187, 4201, 4220, 4370, 4844]"
29,"[6156, 25, 2076, 29, 102445, 127052, 85, 2186, 26776, 156, 2232, 98491, 194, 216, 94466, 102666, 272, 129313, 121126, 98615]"
30,"[3915, 4302, 4731, 5071, 86781, 49, 163949, 116, 32898, 149, 183, 184, 205, 240, 271, 416, 567, 621, 742, 850]"
31,"[49957, 9010, 4641, 5902, 162, 515, 549, 99030, 107447, 1230, 1232, 1235, 1251, 1257, 1298, 1449, 67087, 34338, 1772, 59387]"
32,"[16, 71, 111, 116, 178, 222, 229, 241, 338, 345, 477, 750, 778, 2858, 835, 838, 858, 924, 1029, 1057]"
33,"[82, 149, 261, 262, 306, 531, 549, 581, 663, 115569, 898, 8341, 1192, 1354, 1446, 26131, 34338, 1734, 1859, 26587]"
34,"[319, 1939, 122900, 53, 99, 116, 262, 268, 8530, 8542, 390, 422, 8650, 549, 635, 8933, 850, 935, 937, 58303]"
35,"[3051, 3185, 8, 149, 321, 115122, 581, 635, 728, 8955, 787, 850, 946, 973, 994, 74727, 1021, 1063, 1085, 1132]"
36,"[178, 40, 80, 2132, 86, 99, 2176, 149, 2202, 176, 2268, 241, 2303, 264, 2318, 279, 301, 309, 2360, 363]"
37,"[237, 543, 232, 249, 319, 8533, 471, 82459, 724, 728, 74458, 901, 905, 910, 918, 938, 1171, 1199, 1223, 1224]"
38,"[29, 58, 156, 194, 213, 8530, 581, 99030, 9010, 905, 107447, 1209, 1211, 1298, 1446, 50658, 50740, 50742, 1772, 2076]"
39,"[255, 28, 40, 71, 86, 97, 107, 111, 149, 156, 178, 213, 241, 264, 267, 279, 290, 309, 345, 347]"
40,"[89759, 106471, 26662, 2109, 30810, 1261, 4333, 2300, 2359, 2413, 63859, 441, 474, 31225, 115210, 6669, 2596, 6787, 51935, 56152]"
41,"[27882, 122900, 41, 53, 176, 188, 194, 232, 268, 299, 41285, 422, 431, 8645, 515, 82459, 616, 632, 662, 665]"
42,"[62, 57504, 223, 106920, 720, 8958, 49957, 9010, 1025, 1027, 1032, 1042, 148626, 1230, 1243, 1394, 59387, 26662, 92210, 2193]"
43,"[720, 5444, 80, 116, 257, 281, 301, 303, 314, 8528, 428, 477, 534, 616, 665, 910, 911, 915, 916, 918]"
44,"[8, 16, 24, 26, 4306, 541, 613, 616, 2683, 2759, 720, 728, 6874, 766, 801, 800, 839, 848, 2912, 4993]"
45,"[81932, 8957, 43267, 68157, 84954, 77455, 44974, 5608, 40148, 41, 8239, 80, 82, 101, 144, 178, 246, 301, 314, 392]"
46,"[66297, 1887, 60161, 52245, 79008, 5401, 62956, 90430, 57669, 106920, 608, 8827, 49957, 9010, 58299, 67087, 1639, 1921, 2021, 2068]"
47,"[116, 766, 1057, 1059, 1366, 1380, 1407, 16, 28, 40, 71, 149, 178, 241, 255, 338, 347, 2571, 541, 762]"
48,"[108583, 41, 156, 194, 98615, 8530, 74152, 99030, 9010, 107412, 107447, 74727, 1209, 1211, 1224, 34072, 50703, 59273, 2068, 92210]"
49,"[224, 1264, 112556, 55820, 3, 53, 8341, 57504, 194, 232, 265, 268, 299, 314, 33166, 431, 515, 115210, 82459, 611]"
50,"[16, 40, 111, 4306, 281, 2501, 458, 477, 491, 720, 750, 762, 858, 924, 1029, 58559, 1221, 1270, 1304, 1374]"
51,"[2434, 55820, 58, 112, 8366, 265, 474, 8949, 898, 905, 951, 954, 955, 1077, 1201, 1218, 1222, 1224, 1233, 1243]"
52,"[720, 122904, 41, 8254, 171, 106696, 237, 334, 506, 534, 543, 581, 8874, 115713, 107559, 1063, 1094, 1111, 1192, 1223]"
53,"[79132, 1918, 2058, 28, 45, 2106, 62, 70, 73, 80, 4228, 170, 2232, 6333, 4308, 2273, 4344, 265, 301, 2359]"
54,"[81932, 8529, 471, 534, 845, 954, 58299, 1094, 1131, 1194, 42163, 1244, 1247, 1251, 1296, 99764, 50703, 1699, 26326, 1834]"
55,"[23, 378, 1059, 1358, 8, 16, 24, 26, 116797, 2115, 71, 30793, 116, 45186, 156, 162, 180, 267, 281, 2353]"
56,"[2068, 108583, 163949, 32898, 149, 194, 448, 531, 98963, 99030, 787, 850, 927, 1005, 1031, 132333, 1295, 1797, 1859, 2042]"
57,"[2186, 2460, 53, 116, 205, 33004, 446, 501, 82459, 549, 632, 709, 742, 787, 850, 961, 984, 1111, 1180, 1420]"
58,"[108932, 2467, 3869, 3949, 4235, 5481, 5995, 112852, 82, 307, 308, 326, 446, 465, 501, 611, 635, 52245, 8933, 66297]"
59,"[41, 107, 144, 501, 663, 806, 73, 162, 127202, 2360, 8529, 106920, 441, 76251, 152077, 6669, 2572, 31410, 53956, 741]"
60,"[41, 213, 8530, 581, 1103, 1224, 34072, 27721, 37741, 6003, 6776, 6852, 8228, 156, 8493, 57669, 492, 82459, 556, 663]"
61,"[106696, 106920, 474, 49957, 9010, 898, 1175, 1227, 1235, 1250, 26082, 1625, 51471, 76093, 2413, 2478, 76251, 2596, 2690, 51935]"
62,"[2596, 2657, 122890, 57504, 474, 115210, 594, 741, 905, 140267, 1079, 148626, 1175, 1204, 1273, 1293, 1307, 66934, 1537, 50703]"
63,"[29, 41, 8530, 42004, 34072, 1635, 27721, 37741, 6776, 6852, 905, 115617, 969, 1131, 1132, 1185, 1224, 1227, 1244, 1281]"
64,"[107, 219, 255, 257, 541, 663, 806, 2959, 1029, 1079, 1198, 1265, 5418, 5445, 40414, 1573, 1584, 5903, 3949, 4016]"
65,"[671, 910, 1500, 3, 11, 122890, 266, 8493, 306, 308, 339, 345, 8638, 475, 524, 549, 8751, 588, 8807, 663]"
66,"[54259, 79091, 122882, 122890, 41, 53, 58, 57504, 194, 224, 232, 268, 299, 431, 482, 515, 115210, 632, 665, 678]"
67,"[7, 8, 53, 71, 111, 176, 178, 241, 338, 347, 392, 632, 633, 750, 766, 850, 908, 909, 5060, 986]"
68,"[905, 1230, 1253, 85414, 5444, 31193, 122882, 122886, 122904, 41, 73881, 237, 8530, 611, 671, 674, 8873, 741, 58299, 969]"
69,"[1131, 1132, 1275, 3062, 3108, 3505, 4467, 5152, 6405, 6743, 7256, 7355, 7720, 122882, 122886, 81932, 122904, 29, 41, 116]"
70,"[2762, 24, 71, 2142, 116, 149, 175, 2268, 223, 281, 338, 347, 501, 520, 714, 766, 781, 2881, 893, 903]"
71,"[232, 509, 1150, 1217, 1264, 2066, 2940, 72226, 13, 73, 101, 162, 176, 246, 314, 474, 508, 515, 531, 535]"
72,"[2076, 3462, 5064, 81932, 73, 8638, 556, 99030, 8947, 8957, 8981, 107447, 1046, 1220, 1262, 1276, 1298, 1354, 34338, 1958]"
73,"[32898, 1132, 2068, 6405, 7355, 7720, 74152, 59273, 93324, 97057, 163949, 149, 250, 422, 98963, 973, 1031, 1085, 1111, 1123]"
74,"[913, 1941, 122904, 28, 41, 57504, 162, 176, 98491, 8645, 534, 549, 611, 665, 674, 748, 9010, 904, 926, 115617]"
75,"[122900, 41, 41285, 8530, 82459, 66297, 49957, 9010, 866, 905, 115617, 969, 1025, 42004, 1224, 1227, 1238, 1244, 1287, 34072]"
76,"[973, 1952, 9, 73, 97, 99, 156, 170, 206, 301, 309, 363, 378, 390, 445, 548, 549, 66097, 635, 663]"
77,"[4007, 8341, 98491, 501, 531, 876, 898, 58299, 1131, 1132, 1185, 1224, 1244, 26152, 1956, 1962, 2132, 2330, 2460, 67997]"
78,"[122892, 1301, 2527, 3729, 3266, 73, 149, 156, 194, 309, 314, 8530, 531, 549, 787, 800, 850, 176, 177, 905]"
79,"[122882, 3, 5, 6, 4, 9, 10, 122890, 11, 81932, 14, 8, 16, 17, 18, 19, 122900, 21, 122902, 22]"
80,"[781, 848, 1041, 1230, 1267, 1293, 1399, 8, 24, 26, 28, 2131, 2132, 97, 116, 149, 175, 230, 262, 2351]"
81,"[7502, 8197, 8240, 8254, 32840, 99, 206, 281, 8530, 8542, 33138, 8650, 549, 559, 98963, 99030, 8933, 8955, 820, 850]"
82,"[70, 2125, 162, 230, 260, 328, 2542, 611, 662, 750, 924, 3051, 1029, 1042, 3114, 3156, 3185, 40414, 1517, 1573]"
83,"[106920, 3429, 116, 156, 177, 194, 262, 8530, 352, 390, 741, 787, 850, 33660, 926, 927, 935, 973, 140267, 42004]"
84,"[27724, 3156, 69526, 36931, 98491, 57669, 106920, 466, 90600, 543, 594, 741, 8958, 49957, 9010, 905, 58299, 1035, 1088, 1230]"
85,"[70, 178, 222, 328, 611, 662, 7153, 8, 28, 71, 111, 116, 219, 314, 452, 477, 650, 2762, 720, 762]"
86,"[969, 994, 86, 99, 205, 33004, 264, 309, 363, 392, 465, 549, 581, 635, 673, 781, 893, 898, 902, 911]"
87,"[20, 24, 2064, 581, 994, 1192, 58559, 1288, 1296, 1361, 3418, 3521, 1484, 1954, 28, 2106, 2117, 116, 4226, 178]"
88,"[8530, 1131, 1224, 67087, 27724, 3156, 69526, 36931, 62374, 71838, 6405, 7256, 7355, 73017, 7720, 81932, 156, 171, 98491, 194]"
89,"[3696, 5955, 122886, 122904, 261, 41285, 74152, 441, 8970, 49957, 9010, 905, 934, 58299, 1204, 1244, 1276, 91542, 1690, 59273]"
90,"[363, 581, 1046, 1191, 1192, 1225, 1299, 1734, 2021, 2303, 2692, 2908, 3418, 43, 73, 116, 123, 8371, 180, 222]"
91,"[122920, 98491, 497, 594, 905, 911, 955, 140267, 1131, 1132, 1175, 1188, 1204, 1244, 1269, 1273, 1287, 157296, 1772, 1941]"
92,"[40, 41, 71, 86, 156, 178, 241, 264, 279, 290, 309, 345, 2542, 633, 673, 750, 766, 835, 838, 924]"
93,"[164, 306, 352, 373, 412, 74152, 422, 635, 663, 741, 921, 937, 1023, 42004, 1099, 1124, 1131, 1132, 1147, 1184]"
94,"[71838, 156, 194, 8530, 90600, 556, 99030, 9010, 898, 905, 107447, 1175, 1209, 1211, 67087, 1772, 2068, 108583, 59447, 43267]"
95,"[30, 46, 49, 73, 116, 123, 149, 183, 184, 240, 262, 271, 309, 326, 8530, 384, 115122, 501, 82459, 567]"
96,"[635, 937, 2436, 2551, 2579, 2594, 3823, 4404, 4437, 5105, 6530, 6971, 7123, 7981, 14, 80, 82, 178, 190, 205]"
97,"[1224, 1298, 3910, 6669, 73, 123, 222, 309, 314, 319, 327, 515, 99030, 107447, 140267, 1111, 42163, 1232, 1264, 1280]"
98,"[7649, 29, 41, 49280, 8341, 73881, 8645, 665, 66203, 748, 9010, 928, 954, 58299, 968, 1005, 42004, 1172, 1234, 42418]"
99,"[1111, 1934, 13, 116, 171, 205, 206, 215, 8530, 446, 82459, 635, 8955, 866, 917, 937, 973, 1063, 1066, 1099]"
100,"[2324, 2359, 2677, 902, 3100, 3129, 1255, 1258, 1349, 1639, 26, 28, 149, 156, 175, 213, 229, 264, 2318, 280]"
101,"[91542, 3635, 103810, 138036, 64614, 8341, 57504, 193, 272, 314, 115210, 539, 543, 82459, 594, 8827, 671, 720, 66297, 785]"
102,"[116, 850, 935, 2330, 2627, 2824, 3718, 3947, 4711, 49, 163949, 183, 184, 205, 240, 271, 384, 416, 567, 635]"
103,"[216, 41285, 671, 99030, 66297, 8981, 876, 905, 107447, 969, 1046, 1243, 1298, 1354, 50658, 26152, 50740, 50742, 1680, 1772]"
104,"[5995, 122890, 73, 8387, 8464, 98615, 90430, 8530, 466, 524, 724, 66297, 9010, 905, 107412, 74727, 148626, 1175, 1221, 1249]"
105,"[99, 8542, 422, 8650, 549, 635, 8933, 8955, 766, 850, 115569, 946, 58303, 1019, 1046, 1085, 1564, 26242, 1859, 1927]"
106,"[49280, 8387, 8530, 348, 355, 74152, 466, 553, 8827, 720, 99030, 9010, 905, 107447, 954, 140267, 1005, 1020, 42004, 1111]"
107,"[36931, 71838, 161, 4299, 2360, 62374, 1046, 27724, 3156, 1354, 67087, 73321, 44665, 3809, 69526, 6, 81932, 29, 94466, 43267]"
108,"[92259, 111, 162, 232, 260, 477, 115210, 720, 750, 778, 838, 924, 109487, 1029, 1036, 58559, 112556, 5952, 527, 223]"
109,"[73, 2542, 28, 86, 107, 162, 194, 112852, 255, 279, 308, 2359, 2360, 2395, 441, 452, 55820, 4641, 2599, 2677]"
110,"[8, 40, 71, 2137, 2142, 111, 116, 4246, 178, 2268, 6377, 4448, 2463, 477, 2580, 6708, 2687, 750, 832, 2881]"
111,"[2467, 164, 177, 262, 352, 531, 787, 850, 33660, 905, 949, 968, 969, 42004, 1086, 1224, 1243, 1269, 1272, 1934]"
112,"[281, 293, 848, 16, 111, 116, 156, 4306, 2268, 6365, 223, 262, 2353, 2355, 314, 345, 381, 51662, 2683, 45722]"
113,"[728, 2066, 26, 28, 70, 71, 149, 156, 162, 175, 2294, 255, 270, 279, 281, 328, 345, 347, 4474, 8751]"
114,"[7, 8, 71, 2125, 178, 219, 223, 241, 255, 260, 338, 361, 647, 2762, 720, 778, 830, 3051, 1029, 1036]"
115,"[29, 186, 224, 227, 342, 556, 898, 940, 140267, 1023, 1173, 1264, 1274, 1298, 34338, 1772, 1934, 59387, 2058, 2085]"
116,"[104, 112852, 255, 2759, 4846, 2912, 5064, 1079, 1172, 1183, 1252, 3462, 1639, 1772, 59387, 6016, 1201, 106471, 1285, 5903]"
117,"[41, 80, 98491, 235, 246, 301, 8529, 348, 8580, 74152, 441, 594, 8957, 8981, 898, 905, 911, 918, 921, 927]"
118,"[1232, 73, 99, 116, 190, 262, 308, 309, 314, 319, 8542, 390, 422, 8650, 549, 616, 665, 8933, 850, 58303]"
119,"[49, 116, 183, 184, 240, 271, 308, 8542, 384, 8650, 82459, 567, 635, 8933, 8955, 935, 58303, 961, 984, 988]"
120,"[112556, 122900, 41, 8341, 73881, 57504, 90430, 82459, 665, 905, 954, 140267, 1030, 1031, 1125, 1224, 1244, 1267, 1272, 1273]"
121,"[71, 86, 107, 111, 156, 264, 290, 309, 633, 663, 673, 745, 750, 766, 806, 835, 858, 924, 1041, 1148]"
122,"[102445, 6380, 31420, 54286, 60756, 59315, 26614, 30, 6188, 80, 81, 107, 178, 2231, 2300, 51471, 2336, 301, 308, 2424]"
123,"[1261, 16, 24, 73, 170, 307, 728, 750, 760, 932, 1046, 1079, 1244, 1255, 1257, 1498, 1573, 1663, 1701, 1835]"
124,"[62, 556, 74727, 1249, 43267, 2359, 84954, 3156, 3980, 44974, 5319, 5608, 72226, 40148, 17, 122900, 29, 41, 8341, 98491]"
125,"[2330, 4357, 41, 49280, 164, 250, 262, 8530, 352, 139757, 507, 531, 99030, 107447, 949, 1005, 74754, 42004, 1132, 1135]"
126,"[260, 345, 16, 40, 2125, 111, 116, 229, 232, 381, 477, 2571, 720, 745, 750, 778, 783, 858, 924, 3051]"
127,"[8, 41, 100, 69757, 219, 222, 229, 6377, 255, 8529, 361, 445, 458, 477, 491, 501, 2571, 524, 2572, 2739]"
128,"[741, 1272, 2300, 27721, 13, 41, 8530, 663, 742, 9010, 926, 42004, 1095, 1132, 1224, 1227, 1243, 1269, 1277, 1299]"
129,"[4308, 8529, 2443, 5064, 1094, 3186, 3255, 3825, 1835, 3969, 11, 2064, 24, 2080, 2108, 73, 2125, 112, 2186, 2243]"
130,"[1057, 58559, 2626, 122904, 53, 188, 268, 308, 326, 8530, 446, 501, 82459, 632, 728, 8955, 766, 850, 33660, 946]"
131,"[2067, 4380, 4641, 2599, 720, 918, 953, 1028, 1619, 1204, 2058, 2081, 2106, 2116, 73, 175, 4308, 2291, 2294, 2359]"
132,"[42163, 99764, 102217, 118890, 5101, 78836, 136447, 5772, 128846, 120805, 6122, 129514, 7302, 130970, 8197, 8254, 246, 250, 90428, 74152]"
133,"[175, 250, 326, 74152, 139757, 543, 549, 58047, 140110, 74754, 1111, 1175, 1234, 1249, 1276, 1290, 1361, 148881, 42418, 99764]"
134,"[1256, 118696, 119141, 122892, 188, 272, 8530, 8542, 422, 501, 662, 728, 898, 1085, 1131, 1132, 1147, 1224, 132333, 1292]"
135,"[13, 122900, 53, 58, 81, 86, 123, 178, 176, 206, 232, 262, 279, 8493, 309, 98615, 452, 535, 556, 585]"
136,"[59784, 122904, 223, 57669, 471, 82459, 741, 8957, 8958, 49957, 9010, 905, 58299, 1079, 1127, 1227, 1281, 67087, 1772, 59387]"
137,"[1243, 122904, 41, 73, 123, 98491, 307, 309, 422, 423, 662, 8957, 115617, 969, 140267, 1027, 1060, 1173, 1185, 1204]"
138,"[5064, 6, 4114, 2068, 77846, 59447, 73, 88163, 69761, 2186, 2231, 2268, 127202, 8464, 2360, 90430, 76111, 102753, 86377, 2431]"
139,"[122900, 41, 57504, 193, 216, 8530, 8533, 370, 556, 611, 66297, 8970, 903, 969, 140267, 1023, 1028, 42004, 1103, 1148]"
140,"[40414, 3861, 4478, 26662, 52, 898, 88163, 45186, 73881, 4361, 90430, 2423, 2447, 6548, 86377, 106918, 458, 4571, 68073, 491]"
141,"[6796, 1954, 25, 92259, 112852, 223, 237, 2344, 319, 8529, 6502, 471, 76251, 534, 543, 6776, 2759, 74458, 2826, 2912]"
142,"[289, 2718, 915, 3054, 1225, 3462, 1569, 1678, 1997, 2078, 4308, 2300, 2359, 57669, 357, 4459, 376, 2433, 428, 4571]"
143,"[41, 58, 8254, 156, 194, 213, 8530, 581, 99030, 741, 49957, 9010, 107447, 954, 1046, 1211, 1224, 25805, 1232, 1262]"
144,"[28, 86, 279, 650, 111, 219, 222, 229, 477, 778, 838, 7153, 1029, 1580, 318, 5952, 16, 260, 593, 232]"
145,"[144, 178, 40, 71, 219, 255, 445, 2571, 524, 719, 720, 745, 762, 2858, 835, 7153, 1029, 1035, 1036, 1198]"
146,"[26662, 57504, 80463, 27523, 1244, 3424, 44555, 44633, 65261, 89864, 2087, 127202, 232, 57669, 2501, 2542, 55820, 152077, 4641, 2670]"
147,"[3072, 6, 81932, 29, 58, 73, 100, 101, 168, 280, 306, 308, 326, 553, 99030, 49957, 9010, 920, 107447, 41997]"
148,"[946, 1927, 122904, 171, 8542, 390, 8650, 8807, 635, 663, 8933, 8957, 8981, 918, 935, 937, 58303, 140267, 1063, 1082]"
149,"[250, 272, 90430, 8530, 74152, 139757, 66203, 714, 99030, 107447, 74754, 107559, 148626, 1209, 1298, 148881, 99764, 107978, 50658, 34338]"
150,"[741, 27790, 122882, 122900, 29, 8341, 73881, 262, 57669, 531, 8981, 49957, 9010, 898, 905, 913, 926, 986, 991, 74727]"
151,"[16, 40, 71, 111, 116, 229, 255, 338, 445, 477, 2571, 524, 719, 762, 778, 835, 838, 858, 1029, 1036]"
152,"[29, 8530, 8981, 905, 1224, 1298, 50658, 50740, 50742, 2068, 108583, 59447, 2132, 26712, 43267, 2596, 2810, 2924, 27724, 27882]"
153,"[1349, 81932, 29, 62, 8254, 101, 8376, 194, 261, 265, 280, 309, 314, 446, 495, 501, 556, 559, 673, 728]"
154,"[913, 16, 116797, 2115, 116, 49272, 45186, 149, 175, 262, 264, 2324, 281, 290, 2355, 2353, 2359, 309, 319, 347]"
155,"[8947, 910, 3000, 969, 1261, 7649, 2076, 2087, 2106, 36931, 2118, 2125, 80, 2150, 69757, 2184, 71838, 57504, 2208, 4273]"
156,"[26, 58, 116, 49280, 8366, 237, 8530, 348, 74152, 556, 631, 8827, 839, 898, 913, 994, 140267, 1005, 42004, 1046]"
157,"[5319, 8197, 8239, 58, 32898, 156, 193, 98615, 492, 501, 98963, 99030, 49957, 9010, 107412, 922, 107447, 74727, 42163, 1211]"
158,"[106920, 1732, 127202, 152077, 106471, 6, 21, 30, 73, 101, 161, 8366, 213, 216, 232, 264, 265, 272, 280, 290]"
159,"[3811, 99, 123, 190, 213, 262, 308, 326, 363, 465, 501, 531, 549, 671, 678, 714, 99030, 741, 850, 905]"
160,"[575, 709, 742, 2090, 2097, 2310, 2978, 3112, 3911, 122904, 116, 219, 308, 352, 548, 549, 8969, 866, 115617, 940]"
161,"[8, 40, 71, 97, 107, 116, 156, 219, 255, 338, 535, 538, 663, 762, 778, 806, 858, 1035, 1049, 1057]"
162,"[969, 16, 24, 116, 149, 156, 175, 223, 262, 2359, 326, 347, 2395, 2542, 534, 2599, 594, 2710, 2759, 720]"
163,"[2064, 2289, 2366, 549, 1147, 1172, 3363, 122890, 4102, 41, 2106, 2117, 80, 2087, 62336, 301, 2359, 370, 76251, 534]"
164,"[2138, 13, 122900, 100, 101, 156, 206, 262, 280, 428, 501, 531, 556, 99030, 741, 898, 917, 107447, 969, 1023]"
165,"[1772, 81932, 29, 41, 8341, 176, 177, 33004, 262, 8530, 531, 82459, 556, 665, 905, 42004, 1131, 1132, 1224, 1227]"
166,"[237, 8530, 2068, 59447, 76111, 4114, 69761, 102753, 71180, 6107, 7139, 97826, 48682, 89759, 7941, 29, 41, 49280, 8366, 307]"
167,"[58559, 2539, 73, 111, 141, 8387, 261, 428, 611, 674, 714, 745, 66297, 805, 33615, 926, 115617, 946, 950, 951]"
168,"[122882, 28, 26662, 2115, 2118, 2125, 86, 107, 116, 57504, 8368, 229, 232, 262, 279, 303, 2353, 2355, 314, 345]"
169,"[2359, 3160, 41, 98491, 8530, 628, 9010, 910, 42004, 1175, 1224, 1285, 34072, 50703, 1635, 1772, 26662, 2300, 108932, 2478]"
170,"[497, 745, 1224, 3037, 13, 17, 53, 86, 176, 177, 190, 194, 198, 222, 229, 230, 246, 268, 273, 299]"
171,"[2186, 122882, 13, 162, 168, 176, 232, 328, 515, 531, 535, 549, 556, 611, 661, 662, 714, 913, 917, 928]"
172,"[6787, 745, 766, 8961, 7153, 40, 58, 70, 55442, 162, 194, 219, 2324, 281, 303, 308, 326, 328, 345, 477]"
173,"[116, 8, 26, 28, 71, 73, 85, 123, 156, 180, 222, 270, 272, 276, 279, 281, 309, 314, 318, 327]"
174,"[556, 2102, 116, 8341, 206, 213, 270, 319, 8530, 412, 509, 535, 581, 663, 728, 760, 845, 905, 917, 922]"
175,"[122904, 2413, 108932, 2596, 81932, 8530, 556, 616, 940, 140267, 42004, 1131, 1132, 1224, 1243, 1253, 1269, 1273, 1299, 1466]"
176,"[81932, 98615, 90600, 515, 58047, 8933, 66297, 49957, 9010, 107412, 74727, 1234, 1235, 1251, 1253, 1256, 1276, 26082, 67087, 50703]"
177,"[905, 926, 2064, 89745, 13, 40, 53, 71, 73, 86, 116, 123, 177, 268, 309, 8533, 352, 446, 82459, 562]"
178,"[122890, 57504, 1274, 112556, 65261, 89864, 58, 216, 441, 549, 714, 99030, 926, 107447, 969, 986, 991, 994, 1027, 1086]"
179,"[261, 508, 8827, 49957, 9010, 140110, 107559, 1084, 66665, 1244, 42418, 34321, 34338, 1673, 1735, 1772, 1958, 59387, 2132, 2581]"
180,"[73, 8947, 3072, 3186, 1261, 7649, 6, 16, 53, 2118, 111, 112, 194, 222, 230, 268, 299, 308, 4406, 326]"
181,"[30810, 122900, 101, 156, 194, 106918, 99030, 800, 49957, 9010, 920, 107447, 968, 1046, 1172, 1209, 1211, 1219, 1276, 1298]"
182,"[71, 2142, 107, 116, 178, 219, 229, 255, 650, 745, 762, 2881, 4993, 2959, 3051, 1057, 1059, 3156, 3185, 1188]"
183,"[501, 2318, 28, 41, 73, 99, 101, 206, 363, 523, 574, 581, 663, 714, 99030, 766, 8970, 49957, 9010, 838]"
184,"[111, 477, 28, 40, 53, 2125, 86, 97, 100, 116, 219, 279, 281, 299, 303, 321, 452, 632, 650, 2762]"
185,"[1243, 13, 116, 162, 188, 215, 307, 308, 326, 8528, 8530, 422, 446, 8645, 465, 501, 82459, 8873, 66297, 9010]"
186,"[81932, 73, 8387, 8529, 355, 543, 724, 8947, 1269, 66934, 67087, 34338, 1639, 59018, 1707, 1772, 2068, 59447, 43267, 59684]"
187,"[41, 156, 188, 194, 250, 8530, 139757, 531, 82459, 9010, 74754, 42163, 1209, 1211, 1224, 1243, 1251, 1286, 1299, 148881]"
188,"[28, 29, 40, 41, 71, 86, 97, 116, 156, 162, 219, 255, 279, 281, 338, 445, 477, 535, 538, 650]"
189,"[8341, 1251, 3030, 3462, 3503, 52885, 86882, 5291, 7649, 53, 62, 73, 176, 177, 194, 216, 232, 261, 268, 497]"
190,"[428, 1267, 2186, 2359, 2670, 3063, 3968, 13, 58, 171, 176, 206, 262, 272, 293, 307, 90428, 412, 106920, 506]"
191,"[2087, 73, 107, 162, 194, 219, 232, 2321, 2324, 2670, 663, 750, 766, 806, 838, 2908, 912, 924, 2987, 2997]"
192,"[116, 222, 345, 745, 1057, 1059, 1183, 1196, 1197, 1282, 1357, 1366, 1380, 1407, 1489, 1566, 1580, 8, 28, 2087]"
193,"[916, 3015, 122882, 13, 53, 116, 194, 215, 268, 281, 8493, 314, 531, 616, 632, 850, 866, 917, 936, 940]"
194,"[745, 1035, 40, 41, 71, 116, 229, 345, 501, 2571, 524, 2858, 835, 858, 1029, 1036, 1057, 1059, 1148, 1183]"
195,"[116, 8493, 8542, 390, 8650, 82459, 549, 635, 8933, 8955, 935, 58303, 961, 984, 1021, 1123, 1420, 1564, 1933, 1934]"
196,"[4039, 4848, 6, 45, 73, 79, 170, 237, 262, 289, 307, 352, 362, 373, 412, 422, 429, 507, 611, 674]"
197,"[41, 665, 969, 2365, 3044, 3635, 53, 58, 116, 8341, 176, 177, 188, 224, 232, 266, 268, 299, 422, 431]"
198,"[6669, 81932, 156, 314, 90428, 8807, 663, 99030, 741, 8938, 927, 107447, 1046, 1131, 1177, 1178, 1209, 1232, 34072, 1354]"
199,"[108583, 94466, 86504, 156, 194, 250, 262, 74152, 139757, 531, 905, 74754, 1204, 1209, 1211, 148881, 99764, 107978, 50658, 50740]"
200,"[88163, 88810, 41, 98491, 237, 272, 90430, 8530, 74152, 90600, 66297, 9010, 905, 909, 910, 42004, 1131, 1132, 1175, 1223]"
201,"[122882, 122900, 29, 41, 188, 8530, 82459, 49957, 9010, 176, 905, 58299, 42004, 1104, 1131, 1132, 1227, 1244, 1281, 1298]"
202,"[783, 4103, 5010, 11, 162, 176, 314, 339, 549, 575, 665, 714, 745, 787, 850, 905, 913, 942, 1060, 1147]"
203,"[122890, 8228, 58, 107, 213, 319, 492, 524, 535, 581, 663, 99030, 806, 905, 909, 911, 943, 951, 107447, 1035]"
204,"[2106, 68073, 4299, 55820, 5, 8254, 74, 80, 135, 140, 156, 162, 175, 266, 280, 8493, 300, 348, 428, 466]"
205,"[106471, 98615, 74152, 441, 90600, 653, 49957, 9010, 905, 107412, 955, 74727, 1060, 1084, 1204, 1249, 1269, 50703, 157296, 1772]"
206,"[1719, 21, 151, 236, 314, 370, 538, 553, 611, 635, 671, 674, 728, 898, 905, 928, 942, 950, 951, 954]"
207,"[73, 162, 4103, 2064, 41, 58, 85, 107, 4273, 194, 2289, 2324, 306, 308, 2359, 314, 2366, 326, 2423, 376]"
208,"[5, 934, 73, 101, 349, 8827, 720, 99030, 8957, 898, 107447, 954, 1046, 1194, 42163, 1251, 1276, 1298, 1300, 1354]"
209,"[8, 16, 20, 28, 71, 86, 116, 178, 223, 229, 246, 347, 361, 392, 8638, 523, 538, 562, 574, 605]"
210,"[122882, 122886, 122890, 26, 28, 73, 80, 116, 149, 8387, 33004, 347, 381, 553, 613, 631, 8827, 759, 839, 866]"
211,"[1175, 1296, 2064, 2186, 2344, 2917, 3730, 3742, 3755, 3811, 26, 147, 149, 175, 178, 205, 262, 373, 522, 556]"
212,"[50658, 50740, 50742, 26712, 52767, 3677, 7566, 49280, 156, 250, 281, 74152, 139757, 531, 9010, 1005, 74754, 42004, 1209, 1354]"
213,"[118696, 193, 207, 90430, 378, 74152, 441, 445, 466, 497, 551, 553, 605, 58047, 800, 140110, 902, 911, 955, 1088]"
214,"[13, 575, 742, 1014, 2097, 2310, 2474, 2978, 3112, 28, 53, 58, 99, 8341, 268, 307, 308, 8530, 446, 82459]"
215,"[1060, 1147, 1178, 1211, 1238, 1243, 1931, 2712, 80, 116, 178, 205, 272, 306, 308, 319, 326, 8530, 352, 392]"
216,"[41, 42004, 1224, 34072, 27721, 37741, 6776, 6852, 89864, 122904, 98491, 8530, 115617, 1227, 1281, 67087, 2330, 27523, 27724, 3156]"
217,"[1203, 122882, 122886, 122904, 8341, 176, 177, 188, 41285, 531, 82459, 741, 33660, 902, 905, 926, 1025, 1131, 1132, 1188]"
218,"[53, 73, 224, 236, 268, 299, 306, 308, 8528, 431, 482, 632, 678, 714, 850, 905, 928, 940, 942, 950]"
219,"[41, 53, 176, 177, 188, 194, 268, 299, 319, 431, 632, 741, 837, 850, 898, 905, 969, 991, 140267, 1217]"
220,"[1934, 3035, 3196, 4021, 13, 116, 8530, 352, 390, 8955, 850, 171, 973, 1046, 1063, 1066, 1123, 1192, 1264, 1289]"
221,"[1263, 122904, 58, 86, 116, 8371, 98491, 246, 314, 8641, 497, 514, 537, 82459, 555, 8784, 720, 745, 905, 922]"
222,"[1173, 3310, 3365, 3632, 5991, 8125, 8154, 8188, 13, 16, 80, 82, 116, 8341, 171, 178, 190, 205, 215, 322]"
223,"[116, 2542, 8, 26, 71, 149, 156, 175, 229, 2294, 262, 279, 2360, 347, 4474, 381, 378, 501, 520, 529]"
224,"[8, 26, 40, 71, 99, 176, 178, 2289, 255, 2303, 262, 264, 2324, 309, 2359, 328, 2395, 363, 392, 581]"
225,"[260, 16, 40, 71, 229, 232, 303, 338, 345, 494, 750, 778, 835, 838, 858, 924, 1029, 1036, 1198, 527]"
226,"[6156, 77846, 102445, 116797, 107, 2231, 194, 6502, 96655, 47610, 534, 535, 8827, 663, 4772, 2739, 2759, 806, 2912, 1036]"
227,"[1827, 2029, 41, 46, 49, 73, 116, 156, 98491, 188, 190, 183, 184, 206, 235, 247, 271, 278, 309, 312]"
228,"[2463, 3910, 4459, 5444, 5812, 57504, 106920, 82459, 66297, 905, 1175, 1224, 1244, 1252, 1281, 1537, 1611, 1719, 1941, 26662]"
229,"[1178, 1643, 30810, 116, 73881, 215, 307, 308, 326, 465, 728, 74458, 973, 986, 991, 1066, 1147, 1180, 1211, 1261]"
230,"[42163, 1361, 92494, 2857, 60333, 3216, 3307, 102217, 118890, 4754, 5101, 78836, 136447, 5772, 128846, 1194, 120805, 6122, 121231, 129514]"
231,"[750, 7087, 58, 73, 100, 107, 2064, 168, 175, 190, 194, 229, 2291, 2312, 2310, 280, 2344, 308, 2360, 2359]"
232,"[1934, 2920, 49, 163949, 116, 32898, 149, 183, 184, 205, 240, 271, 567, 621, 742, 850, 935, 1123, 1312, 1420]"
233,"[28, 326, 2759, 2912, 3142, 1172, 16, 24, 43, 116, 156, 223, 247, 2359, 314, 2395, 2542, 534, 2599, 613]"
234,"[29, 98491, 41285, 8530, 106920, 556, 898, 905, 115617, 140267, 1030, 1131, 1132, 1188, 1194, 1252, 1264, 1273, 1281, 1334]"
235,"[8530, 2467, 7139, 9, 29, 41, 86, 116, 49280, 41285, 445, 90600, 531, 82459, 548, 741, 835, 1005, 42004, 1132]"
236,"[635, 937, 7087, 8264, 80, 82, 163949, 205, 8580, 8650, 98963, 99030, 8955, 850, 872, 935, 107447, 58303, 973, 1123]"
237,"[534, 40414, 1997, 122882, 28, 58, 2117, 86, 101, 57504, 279, 2333, 306, 2360, 314, 441, 452, 475, 39414, 531]"
238,"[73881, 50703, 2395, 6776, 49280, 8366, 237, 308, 156025, 74152, 441, 90600, 497, 534, 556, 58047, 838, 902, 905, 914]"
239,"[116, 1147, 1228, 3015, 30, 49, 149, 156, 183, 184, 188, 240, 271, 273, 309, 326, 8542, 363, 384, 426]"
240,"[116, 171, 8542, 390, 8650, 599, 635, 99030, 741, 8933, 8955, 937, 107447, 58303, 973, 1023, 1063, 1066, 1123, 1150]"
241,"[30, 2076, 40, 58, 100, 107, 111, 156, 2066, 178, 2231, 241, 264, 2324, 290, 309, 2360, 2542, 633, 2692]"
242,"[1934, 1939, 3038, 27790, 6350, 6405, 7355, 7720, 49, 116, 149, 183, 184, 205, 240, 271, 8530, 8580, 416, 8650]"
243,"[29, 176, 188, 272, 446, 82459, 766, 905, 909, 1111, 1131, 1132, 1185, 1194, 1209, 1211, 1232, 1243, 1251, 1299]"
244,"[4816, 29, 57504, 98491, 8533, 106918, 611, 674, 66297, 115617, 140267, 1204, 1244, 1252, 1262, 1272, 1273, 1281, 1411, 34338]"
245,"[319, 1300, 2436, 3823, 29, 41, 156, 194, 8530, 482, 509, 534, 678, 748, 905, 918, 42004, 1209, 1211, 1254]"
246,"[2106, 2291, 458, 51662, 491, 2991, 7361, 3638, 1772, 41, 2125, 4247, 162, 2273, 6373, 4344, 2353, 307, 2359, 2423]"
247,"[635, 728, 1224, 1683, 108932, 112852, 53, 86, 177, 194, 268, 281, 352, 531, 82459, 632, 662, 787, 835, 850]"
248,"[8949, 787, 1178, 1245, 2952, 3150, 3342, 3683, 3747, 4688, 6440, 122900, 53, 232, 268, 299, 308, 307, 326, 501]"
249,"[1265, 2118, 100, 111, 219, 222, 229, 255, 378, 6539, 458, 477, 491, 719, 33493, 762, 910, 1029, 1079, 44191]"
250,"[134853, 94466, 41, 156, 194, 90430, 74152, 90600, 556, 99030, 9010, 905, 107447, 42004, 148626, 1209, 1211, 1224, 34072, 50703]"
251,"[41, 8530, 74152, 90600, 58047, 33615, 905, 58299, 42004, 1103, 1104, 1131, 1132, 1224, 1269, 1299, 34072, 1411, 50703, 1635]"
252,"[16, 8, 11, 26, 2117, 111, 116, 2194, 156, 2231, 223, 229, 237, 2294, 289, 4474, 524, 529, 2628, 594]"
253,"[29, 116, 156, 176, 194, 262, 8530, 348, 352, 422, 507, 531, 538, 82459, 635, 728, 900, 905, 921, 922]"
254,"[378, 1354, 40, 53, 86, 111, 205, 219, 241, 255, 264, 279, 309, 326, 347, 465, 611, 632, 633, 635]"
255,"[82459, 1127, 85414, 4914, 81562, 8197, 122904, 41, 32898, 171, 98491, 213, 8530, 506, 515, 534, 8751, 581, 98963, 663]"
256,"[16, 116, 55442, 223, 2294, 4474, 70286, 31410, 2762, 720, 4878, 93040, 7090, 3054, 1035, 3114, 52281, 5218, 3181, 1206]"
257,"[92210, 108979, 110873, 162, 262, 272, 308, 98615, 326, 33171, 446, 465, 492, 501, 99030, 8933, 66297, 766, 845, 905]"
258,"[671, 728, 1276, 1939, 3035, 3435, 4406, 122890, 24, 190, 229, 231, 236, 247, 307, 319, 322, 428, 8622, 515]"
259,"[458, 491, 4979, 7323, 40819, 122882, 2064, 2117, 30810, 175, 4308, 280, 2359, 2360, 314, 319, 2433, 2434, 106920, 428]"
260,"[1221, 1918, 122904, 26662, 41, 2106, 92259, 111, 98491, 2291, 2344, 4443, 2416, 458, 2527, 491, 665, 72356, 720, 748]"
261,"[750, 122890, 2117, 111, 222, 229, 458, 491, 585, 745, 838, 2947, 109487, 134130, 1029, 44191, 1203, 1393, 40414, 5618]"
262,"[250, 139757, 74754, 1046, 1354, 148881, 107978, 67087, 2501, 133771, 2984, 85438, 3606, 86000, 127108, 127152, 160590, 112138, 128620, 79677]"
263,"[4103, 28, 2087, 58, 86, 2137, 107, 219, 237, 246, 4361, 279, 319, 353, 49530, 412, 452, 458, 6598, 47610]"
264,"[122904, 79, 86, 116, 162, 186, 257, 353, 156025, 549, 728, 760, 8969, 115617, 951, 1060, 1077, 1131, 1147, 1178]"
265,"[116, 635, 53, 8493, 8530, 8580, 390, 8650, 8807, 8933, 8955, 845, 850, 935, 937, 58303, 961, 984, 1123, 25852]"
266,"[16, 2087, 100, 107, 116, 219, 229, 232, 247, 260, 2321, 321, 2670, 6787, 663, 720, 745, 750, 778, 806]"
267,"[54259, 79091, 29, 73, 168, 127202, 246, 94466, 129313, 2360, 2395, 86377, 152077, 2599, 141886, 6787, 99030, 80717, 913, 2970]"
268,"[149, 177, 250, 306, 41285, 8530, 446, 139757, 549, 766, 787, 800, 850, 42004, 1111, 1132, 148626, 1185, 1194, 1224]"
269,"[73, 162, 6711, 29, 35, 43, 116, 123, 156, 8366, 306, 308, 309, 534, 594, 665, 714, 745, 781, 892]"
270,"[3328, 58, 213, 250, 8530, 139757, 543, 581, 714, 99030, 905, 107447, 140267, 74754, 1084, 148626, 1194, 42163, 1209, 1249]"
271,"[48780, 122900, 8341, 57504, 106920, 82459, 905, 58299, 1224, 1227, 1257, 1301, 91542, 1611, 1719, 2344, 2403, 2413, 108932, 59784]"
272,"[222, 257, 8387, 249, 265, 342, 74152, 441, 551, 724, 741, 8947, 766, 905, 923, 994, 1244, 34338, 34405, 1639]"
273,"[1203, 3910, 4459, 5812, 902, 905, 58299, 1131, 1132, 148626, 1175, 1188, 1224, 1227, 1287, 1772, 59387, 2068, 59447, 2413]"
274,"[41, 70, 101, 156, 194, 280, 501, 99030, 745, 766, 8970, 783, 838, 913, 107447, 1046, 1150, 1172, 1214, 1217]"
275,"[4519, 5244, 7802, 41, 98491, 250, 8530, 139757, 9010, 74754, 42004, 1209, 1224, 148881, 99764, 107978, 50658, 50703, 50742, 50740]"
276,"[913, 1203, 3633, 26, 40, 107, 232, 255, 257, 281, 106782, 307, 345, 8645, 477, 8784, 609, 613, 631, 694]"
277,"[1228, 3, 25, 73881, 57504, 98491, 8529, 8533, 549, 8798, 714, 913, 74727, 1060, 1084, 1147, 1173, 1219, 1224, 1245]"
278,"[8933, 78499, 8154, 8254, 82, 178, 8530, 8542, 392, 412, 446, 8650, 521, 8751, 581, 728, 766, 8970, 850, 950]"
279,"[16, 40, 71, 229, 232, 260, 303, 338, 345, 458, 491, 494, 750, 778, 835, 838, 858, 924, 1029, 1036]"
280,"[720, 1957, 35, 116, 162, 8360, 213, 257, 265, 306, 308, 326, 106920, 442, 522, 534, 538, 581, 665, 728]"
281,"[1147, 1354, 16, 80, 262, 319, 326, 465, 501, 549, 616, 720, 759, 866, 934, 968, 986, 991, 1041, 1046]"
282,"[1690, 1941, 4247, 122900, 29, 41, 73881, 8530, 741, 8957, 905, 115617, 42004, 1103, 1131, 1132, 1203, 1244, 91542, 50703]"
283,"[81932, 30, 81, 156, 178, 90428, 334, 506, 581, 633, 99030, 8938, 8955, 766, 787, 49957, 9010, 850, 918, 927]"
284,"[111, 116, 262, 848, 1366, 1380, 1721, 8, 24, 26, 28, 71, 149, 156, 175, 2268, 223, 267, 281, 2353]"
285,"[53, 162, 268, 632, 635, 728, 850, 1224, 1719, 4140, 4520, 5152, 13, 73, 116, 123, 215, 262, 307, 308]"
286,"[969, 91500, 95088, 80549, 41, 144, 177, 178, 224, 241, 277, 156025, 445, 8665, 90600, 548, 553, 556, 594, 661]"
287,"[82, 149, 250, 306, 139757, 549, 800, 49957, 9010, 905, 940, 1041, 1132, 148626, 1185, 1194, 1224, 1281, 1344, 1414]"
288,"[53, 71, 97, 116, 178, 219, 241, 255, 299, 338, 445, 458, 535, 538, 632, 720, 762, 778, 2858, 835]"
289,"[26, 29, 58, 92, 97, 112, 116, 49280, 73881, 156, 106696, 232, 345, 156025, 381, 466, 535, 538, 82459, 556]"
290,"[328, 662, 1249, 1885, 67508, 93040, 52281, 44788, 55442, 71, 168, 281, 98615, 319, 477, 90600, 594, 628, 99030, 66297]"
291,"[122900, 41, 57504, 8530, 8645, 482, 665, 678, 8873, 9010, 876, 1030, 1031, 42004, 1131, 1132, 1178, 1224, 1227, 1254]"
292,"[29, 2300, 61323, 122904, 41, 86, 116, 49280, 188, 8530, 531, 82459, 741, 9010, 1023, 1132, 1147, 1224, 1243, 1272]"
293,"[2596, 5, 122904, 73881, 8366, 98491, 246, 8533, 8933, 8949, 918, 58299, 965, 969, 140267, 1085, 1094, 1131, 1132, 1172]"
294,"[116, 1940, 30, 49, 79, 49280, 149, 183, 184, 205, 240, 271, 326, 8530, 366, 384, 567, 621, 635, 741]"
295,"[1286, 122904, 98491, 262, 41285, 8530, 531, 82459, 556, 787, 9010, 850, 905, 916, 115617, 986, 42004, 1132, 1178, 1224]"
296,"[122886, 122904, 29, 36, 95, 73881, 232, 307, 319, 509, 728, 750, 50068, 920, 934, 58299, 74727, 1201, 1244, 1249]"
297,"[27523, 6669, 8197, 14, 32898, 162, 98491, 230, 8477, 308, 98615, 326, 501, 531, 98963, 99030, 8933, 66297, 8955, 936]"
298,"[58047, 99030, 8933, 107447, 140267, 1201, 1227, 1250, 1251, 1273, 1298, 67087, 2068, 92210, 59447, 2117, 43267, 59684, 76111, 2596]"
299,"[1859, 46, 49, 163949, 116, 183, 184, 240, 248, 271, 278, 312, 384, 416, 422, 567, 98963, 99030, 850, 872]"
300,"[54259, 79091, 29, 26662, 51255, 2117, 92259, 162, 57504, 62336, 2413, 108932, 2501, 115210, 6787, 6796, 4816, 745, 2792, 4846]"
301,"[907, 2102, 3038, 163949, 206, 273, 635, 742, 866, 917, 935, 937, 961, 984, 1066, 1085, 1161, 1180, 1420, 99764]"
302,"[29, 71, 2125, 97, 111, 156, 162, 222, 232, 260, 2324, 281, 338, 458, 477, 491, 535, 538, 720, 745]"
303,"[122886, 122882, 122904, 5152, 13, 58, 73, 116, 123, 156, 188, 206, 215, 262, 309, 314, 531, 538, 635, 728]"
304,"[123, 663, 99030, 107447, 1298, 141886, 2970, 60333, 3202, 94466, 4914, 5056, 5121, 79469, 129313, 80717, 64660, 8228, 58, 100]"
305,"[57504, 280, 106782, 309, 501, 559, 673, 820, 2132, 4238, 4361, 62336, 5690, 112556, 89864, 80, 99, 178, 303, 363]"
306,"[935, 2351, 2553, 3038, 49, 73, 116, 149, 183, 184, 205, 240, 271, 8580, 416, 8650, 567, 621, 742, 8933]"
307,"[24, 8228, 73, 101, 156, 8530, 492, 99030, 9010, 107447, 1046, 1211, 1223, 1232, 1237, 1298, 1348, 1354, 67087, 2066]"
308,"[71, 281, 647, 801, 848, 1210, 1513, 26, 40, 53, 111, 149, 178, 219, 2355, 2353, 318, 8533, 347, 55765]"
309,"[27721, 41, 53, 213, 232, 268, 299, 8530, 501, 82459, 581, 632, 850, 42004, 1096, 1104, 1173, 1227, 1244, 34072]"
310,"[27592, 27773, 3469, 52885, 30745, 6713, 9, 122904, 41, 49, 80, 49280, 149, 30, 183, 184, 240, 273, 271, 301]"
311,"[308, 741, 2069, 13, 116, 49272, 8341, 156, 194, 8530, 352, 8675, 537, 709, 742, 8955, 787, 850, 940, 961]"
312,"[850, 1281, 1939, 13, 40, 178, 262, 633, 635, 8947, 845, 115569, 893, 973, 1050, 1063, 1085, 1420, 26131, 1564]"
313,"[4235, 5791, 81932, 29, 41, 79, 86, 73881, 156, 194, 262, 556, 741, 9010, 905, 42004, 1131, 1132, 1209, 1211]"
314,"[2, 16, 26662, 41, 92210, 2106, 2117, 2193, 2194, 71838, 57504, 162, 4299, 127202, 2287, 110873, 2413, 2430, 117176, 2501]"
315,"[969, 6669, 6, 122890, 41, 80, 8341, 301, 307, 515, 575, 663, 728, 898, 986, 991, 74727, 140267, 1025, 1224]"
316,"[54259, 41285, 74152, 58047, 8981, 140110, 905, 1084, 1175, 42163, 1224, 1244, 1251, 99764, 34338, 26326, 1772, 59273, 1957, 108583]"
317,"[1036, 71, 223, 255, 281, 338, 378, 445, 762, 835, 858, 4993, 1029, 1221, 1265, 1304, 1356, 1374, 1393, 40414]"
318,"[1196, 26, 71, 2142, 116, 151, 262, 281, 314, 338, 6502, 381, 2463, 2542, 524, 2687, 2706, 720, 766, 4921]"
319,"[2070, 2106, 58, 2117, 2194, 4299, 227, 319, 2501, 458, 491, 115210, 541, 74458, 778, 838, 2947, 899, 109487, 1029]"
320,"[326, 1103, 2759, 2912, 3142, 41, 58, 101, 300, 8529, 8530, 474, 720, 99030, 8947, 838, 107447, 969, 1059, 1077]"
321,"[326, 905, 3920, 3966, 13, 40, 41, 116, 123, 190, 205, 264, 309, 314, 57669, 465, 501, 635, 99030, 838]"
322,"[35, 522, 728, 1611, 3920, 3966, 4021, 122882, 156, 171, 326, 334, 8542, 8650, 515, 529, 534, 8783, 678, 720]"
323,"[12, 25, 2116, 2132, 4238, 2231, 219, 237, 308, 2396, 471, 2542, 534, 594, 2668, 2712, 4772, 2759, 838, 2912]"
324,"[122882, 122886, 122904, 29, 73881, 255, 82459, 741, 745, 8957, 49957, 9010, 905, 1060, 1084, 1127, 1203, 1204, 1227, 1244]"
325,"[8969, 1845, 2300, 122904, 69, 81, 123, 178, 308, 309, 363, 156025, 33166, 8675, 501, 8699, 507, 538, 581, 98933]"
326,"[16, 665, 1683, 1921, 3044, 3, 29, 58, 111, 57504, 205, 246, 373, 412, 106920, 497, 515, 115210, 562, 596]"
327,"[766, 954, 1224, 4846, 73290, 57504, 176, 177, 188, 41285, 8645, 611, 635, 728, 8981, 800, 9010, 898, 940, 969]"
328,"[1131, 2289, 27721, 27790, 3505, 3526, 4467, 5152, 6405, 6743, 7256, 7355, 7720, 13, 80, 162, 176, 206, 319, 446]"
329,"[728, 4993, 8, 24, 26, 28, 111, 116, 149, 156, 4306, 267, 270, 276, 279, 280, 281, 345, 347, 351]"
330,"[2064, 29, 40, 2114, 36931, 2132, 92259, 69757, 2176, 4226, 2194, 2193, 2202, 71838, 4299, 2302, 2312, 264, 51471, 2321]"
331,"[11, 77846, 24, 2080, 2108, 36931, 73, 2125, 112, 71838, 2248, 4299, 219, 235, 237, 2318, 57669, 326, 2406, 59784]"
332,"[122882, 122886, 123, 156, 162, 176, 194, 203, 218, 222, 267, 309, 314, 156025, 33171, 422, 477, 491, 497, 661]"
333,"[8530, 51935, 7139, 41, 98491, 90430, 74152, 90600, 905, 42004, 1131, 1132, 1175, 1224, 1274, 1285, 1288, 1299, 34072, 99728]"
334,"[253, 122890, 39, 2116, 88163, 2186, 2268, 127202, 8464, 90430, 6548, 106918, 115210, 152077, 86548, 543, 6776, 54004, 2863, 27664]"
335,"[35, 43, 58, 82, 141, 144, 162, 216, 246, 272, 308, 314, 106918, 90600, 515, 522, 534, 8827, 8933, 66297]"
336,"[76251, 29, 80, 178, 265, 306, 308, 392, 474, 521, 524, 538, 581, 728, 759, 950, 986, 991, 1059, 1086]"
337,"[2087, 2872, 953, 969, 1148, 1223, 3638, 1676, 1702, 6, 28, 26662, 2115, 2118, 2186, 2193, 57504, 2243, 2344, 308]"
338,"[28, 97, 135, 156, 219, 255, 2360, 2542, 534, 538, 2692, 650, 745, 1046, 1059, 1282, 1354, 1357, 1489, 1566]"
339,"[71838, 122890, 8341, 98491, 272, 98615, 106918, 90600, 555, 556, 741, 66297, 49957, 9010, 107412, 83132, 1234, 67087, 1887, 2117]"
340,"[4114, 2068, 59447, 2116, 69761, 2231, 4308, 230, 237, 247, 43267, 76111, 337, 102753, 4459, 8622, 72226, 555, 2712, 2759]"
341,"[760, 2116, 2562, 5099, 28, 73, 80, 104, 8341, 171, 229, 246, 301, 334, 352, 506, 507, 534, 549, 581]"
342,"[8955, 2920, 2935, 4326, 6918, 13, 53, 99, 116, 205, 8530, 390, 8650, 632, 635, 8933, 845, 850, 935, 937]"
343,"[73, 2167, 123, 2195, 180, 2232, 222, 2282, 309, 314, 2363, 319, 2109, 2620, 2624, 2628, 2692, 2702, 2710, 1097]"
344,"[465, 911, 928, 1924, 1952, 2460, 3476, 5152, 40819, 28, 41, 86, 116, 205, 262, 279, 352, 477, 82459, 635]"
345,"[49957, 9010, 1173, 1224, 27790, 53956, 122886, 122904, 156, 8530, 8955, 950, 1131, 1132, 1209, 1251, 1276, 1280, 1299, 26242]"
346,"[13, 8341, 176, 188, 98491, 41285, 422, 474, 662, 709, 8981, 140267, 1014, 1061, 1081, 1131, 1132, 1185, 1224, 1281]"
347,"[54259, 79091, 12, 2064, 2070, 25, 24, 28, 26662, 2117, 86, 107, 57504, 127202, 2289, 306, 308, 4406, 2366, 339]"
348,"[1046, 122882, 28, 53, 99, 100, 49280, 57504, 8366, 176, 229, 262, 268, 299, 363, 441, 531, 534, 8751, 581]"
349,"[2066, 8751, 838, 4103, 41, 4273, 229, 237, 235, 2318, 2359, 57669, 2501, 2553, 115210, 55820, 80463, 8827, 6787, 70286]"
350,"[2810, 2924, 3342, 4349, 41, 58, 156, 177, 188, 194, 213, 8530, 556, 581, 678, 1019, 42004, 1131, 1209, 1211]"
351,"[80, 81, 290, 501, 565, 735, 759, 907, 938, 940, 946, 973, 1021, 1178, 1180, 1192, 1238, 1248, 1264, 25850]"
352,"[92210, 110873, 81932, 29, 247, 98615, 474, 501, 515, 66297, 8958, 905, 107412, 74727, 1027, 1084, 1172, 1204, 1227, 1243]"
353,"[73, 101, 8387, 90430, 41285, 8530, 355, 8827, 724, 99030, 8981, 9010, 107447, 1046, 1219, 1354, 99728, 58803, 59018, 1707]"
354,"[1242, 1243, 1282, 1517, 1580, 30, 86, 111, 156, 178, 345, 633, 745, 750, 766, 838, 858, 1041, 1057, 1148]"
355,"[53, 176, 188, 194, 232, 268, 299, 482, 632, 678, 850, 1025, 1131, 1132, 148626, 1178, 1185, 1209, 1211, 1243]"
356,"[308, 2070, 2310, 8, 122920, 116, 106642, 73881, 98491, 190, 90428, 334, 352, 8675, 66203, 709, 741, 742, 8938, 8955]"
357,"[535, 538, 1584, 70, 80, 69757, 149, 156, 178, 6377, 255, 264, 290, 2336, 301, 309, 328, 347, 611, 662]"
358,"[2920, 205, 8530, 8580, 8650, 82459, 635, 8933, 742, 8955, 935, 58303, 961, 984, 1123, 1420, 1564, 1933, 2238, 2284]"
359,"[2433, 2759, 910, 1148, 4114, 2068, 30, 2087, 59447, 2108, 2116, 73, 80, 2132, 69761, 4238, 170, 8368, 213, 229]"
360,"[122882, 122900, 28, 29, 41, 58, 99, 123, 57504, 168, 206, 363, 422, 423, 599, 662, 663, 665, 678, 838]"
361,"[2117, 2194, 2947, 3633, 1954, 2000, 8, 26, 116, 4306, 262, 2355, 2353, 314, 381, 378, 2501, 2542, 520, 529]"
362,"[1232, 1251, 3030, 86882, 5291, 81932, 122904, 29, 8254, 156, 194, 213, 581, 99030, 8958, 49957, 9010, 107447, 58299, 140267]"
363,"[58559, 2300, 79, 86, 99, 116, 123, 188, 205, 215, 262, 309, 363, 549, 599, 635, 665, 742, 917, 973]"
364,"[122890, 8254, 8371, 246, 307, 319, 471, 534, 555, 954, 140267, 1020, 1060, 107559, 1103, 66665, 1172, 25805, 1273, 1276]"
365,"[8530, 741, 9010, 918, 115713, 1057, 1086, 1243, 1266, 1272, 1297, 34338, 1689, 1855, 2067, 108583, 2108, 2140, 2289, 2297]"
366,"[2318, 11, 101, 261, 90430, 555, 99030, 90866, 49957, 9010, 838, 920, 107447, 1234, 1257, 66934, 99728, 67087, 34338, 1958]"
367,"[348, 422, 933, 949, 994, 1185, 1942, 1945, 1950, 1952, 2069, 2272, 2467, 2474, 2757, 2764, 2802, 2984, 3069, 3111]"
368,"[58, 2352, 2467, 68157, 2984, 994, 3071, 1060, 1185, 1201, 7438, 3424, 1380, 5481, 48780, 4007, 32587, 3927, 1956, 2020]"
369,"[16, 40, 219, 229, 260, 303, 345, 750, 778, 838, 924, 7153, 1029, 1036, 1198, 5952, 318, 135, 1079, 232]"
370,"[1227, 41, 8530, 82459, 9010, 905, 115617, 969, 42004, 1104, 1224, 1230, 1244, 1254, 1303, 34072, 91542, 67087, 1635, 2106]"
371,"[1298, 3910, 73881, 156, 194, 237, 8530, 556, 99030, 9010, 107447, 74727, 1209, 1211, 1249, 1372, 50658, 50703, 50742, 50740]"
372,"[745, 1223, 1300, 2287, 2553, 44199, 3963, 4103, 77846, 4273, 4928, 96655, 22, 122904, 41, 80, 86, 8360, 170, 8368]"
373,"[2920, 73, 99, 116, 205, 309, 8580, 390, 8650, 465, 8933, 845, 850, 935, 937, 58303, 961, 984, 1066, 1085]"
374,"[308, 1131, 1185, 1186, 1272, 1300, 2240, 2312, 2712, 2801, 2917, 6, 122890, 12, 21, 58, 8341, 162, 213, 307]"
375,"[40, 107, 232, 255, 257, 281, 303, 345, 663, 778, 806, 838, 7153, 1029, 1079, 260, 5952, 162, 318, 4226]"
376,"[223, 1941, 1997, 2131, 2351, 2573, 2820, 3967, 122882, 7, 29, 35, 163, 175, 190, 205, 229, 272, 308, 8530]"
377,"[4188, 50068, 2070, 122904, 52, 2118, 73, 80, 82, 88163, 151, 8387, 106696, 43, 2336, 301, 307, 314, 76093, 2383]"
378,"[1361, 34338, 1885, 67508, 92494, 26974, 93040, 3216, 44633, 44788, 4754, 156, 194, 99030, 905, 107447, 1046, 1211, 1250, 1298]"
379,"[81932, 122900, 29, 156, 194, 99030, 8958, 49957, 9010, 107447, 1035, 1046, 1209, 1211, 1262, 1298, 1354, 1639, 1747, 2068]"
380,"[156, 250, 262, 8530, 8542, 74152, 139757, 549, 149, 787, 850, 1031, 42004, 1111, 1132, 132333, 1292, 1354, 148881, 99764]"
381,"[29, 58559, 3552, 3809, 26, 97, 116, 73881, 247, 281, 306, 308, 314, 321, 57669, 8529, 556, 631, 714, 781]"
382,"[54881, 7, 41, 73881, 250, 8530, 74152, 139757, 140110, 74754, 42004, 107559, 1131, 1132, 1175, 1209, 1224, 1269, 148881, 58803]"
383,"[16, 28, 2115, 70, 149, 156, 8360, 8368, 180, 4306, 6377, 262, 328, 347, 611, 631, 745, 2797, 750, 8947]"
384,"[2810, 2924, 3342, 3677, 3910, 4349, 41, 156, 194, 237, 8530, 9010, 905, 42004, 148626, 1209, 1211, 1224, 1249, 1298]"
385,"[40, 70, 71, 86, 100, 107, 149, 156, 241, 279, 328, 347, 611, 633, 662, 745, 750, 762, 766, 806]"
386,"[760, 932, 1172, 1204, 1255, 1498, 2231, 2434, 2562, 3897, 4641, 5099, 73, 149, 163, 175, 213, 229, 264, 280]"
387,"[2351, 49, 163949, 116, 149, 183, 184, 205, 240, 271, 384, 416, 567, 621, 845, 850, 879, 961, 984, 1312]"
388,"[2488, 3606, 49, 116, 183, 184, 240, 271, 384, 549, 567, 621, 635, 742, 988, 1085, 1123, 1312, 1420, 99764]"
389,"[778, 1198, 7, 8, 16, 20, 71, 178, 219, 241, 255, 307, 338, 361, 445, 2571, 524, 647, 711, 745]"
390,"[953, 986, 26, 28, 8, 2117, 71, 85, 116, 2064, 4247, 4102, 193, 112852, 223, 2273, 4344, 270, 4369, 2366]"
391,"[766, 3462, 53, 178, 205, 241, 309, 465, 549, 632, 633, 635, 781, 845, 850, 916, 937, 961, 984, 1063]"
392,"[246, 1020, 1625, 3285, 101, 306, 307, 90430, 515, 581, 99030, 760, 910, 915, 932, 107447, 954, 994, 1046, 1192]"
393,"[30, 41, 53, 80, 101, 147, 178, 268, 301, 57669, 8638, 501, 523, 8751, 562, 574, 632, 633, 635, 728]"
394,"[29, 41285, 8645, 556, 99030, 66297, 8981, 49957, 9010, 905, 953, 107447, 58299, 140267, 1224, 1273, 1287, 1301, 50658, 50740]"
395,"[134130, 44191, 106471, 2064, 28, 26662, 2087, 2106, 2118, 4247, 156, 4102, 57504, 8360, 2273, 2289, 4344, 293, 4406, 314]"
396,"[8, 40, 71, 86, 111, 149, 156, 178, 2268, 2355, 2353, 347, 361, 633, 745, 750, 762, 766, 858, 903]"
397,"[98615, 474, 8933, 49957, 9010, 107412, 934, 74727, 1089, 1172, 58803, 50703, 34338, 59684, 2359, 2596, 2657, 68269, 51935, 84844]"
398,"[41, 665, 1683, 3044, 17, 8341, 176, 177, 188, 41285, 538, 611, 635, 728, 8947, 8958, 8957, 876, 898, 954]"
399,"[194, 1221, 5952, 122882, 58, 100, 107, 4306, 112852, 2324, 314, 321, 2501, 541, 2677, 663, 2762, 74458, 745, 8961]"
400,"[260, 720, 16, 30, 40, 2087, 2125, 213, 229, 232, 257, 264, 2321, 290, 303, 309, 345, 2670, 673, 750]"
401,"[3035, 53, 58, 57504, 176, 177, 188, 194, 224, 232, 268, 299, 431, 482, 515, 616, 632, 678, 66297, 805]"
402,"[261, 98615, 74152, 441, 466, 66297, 898, 905, 911, 107412, 955, 74727, 148626, 1224, 1244, 1269, 1281, 157296, 59273, 149406]"
403,"[170, 8366, 306, 307, 760, 766, 932, 1498, 2562, 3786, 5099, 54281, 39416, 7773, 73, 8341, 262, 308, 326, 446]"
404,"[89759, 106489, 29, 58, 2116, 2117, 81, 2132, 4238, 162, 1254, 4273, 8371, 213, 2267, 246, 4352, 4361, 4384, 290]"
405,"[1147, 1934, 2069, 205, 306, 307, 308, 8530, 352, 390, 741, 787, 850, 33660, 961, 984, 42004, 1066, 1111, 1123]"
406,"[893, 994, 1050, 1693, 122890, 17, 8239, 80, 176, 8197, 98615, 446, 8650, 492, 501, 98963, 99030, 759, 66297, 766]"
407,"[99, 205, 206, 90428, 390, 635, 741, 8938, 8955, 845, 850, 933, 937, 973, 1150, 1209, 1340, 1420, 91542, 50658]"
408,"[728, 3429, 13, 86, 205, 8533, 446, 575, 635, 662, 663, 99030, 742, 8955, 766, 850, 33660, 937, 946, 107447]"
409,"[745, 1148, 40, 70, 100, 55442, 178, 241, 2329, 328, 347, 392, 495, 559, 611, 633, 662, 31410, 2759, 750]"
410,"[4235, 1214, 1732, 5995, 3949, 6, 255, 2363, 2365, 59784, 2455, 2529, 2542, 8784, 611, 2694, 674, 53956, 2759, 741]"
411,"[62, 2231, 2542, 524, 910, 2019, 2064, 2108, 2116, 73, 2132, 30810, 2186, 4238, 308, 2359, 2360, 2366, 2433, 2434]"
412,"[73, 309, 314, 1273, 1280, 1658, 1827, 2195, 2232, 2363, 2620, 29, 123, 237, 290, 8530, 348, 556, 599, 9010]"
413,"[307, 766, 16, 24, 26, 2087, 2094, 70, 71, 116, 156, 162, 180, 6365, 2268, 270, 281, 2353, 2355, 306]"
414,"[16, 2064, 6287, 162, 190, 194, 6350, 229, 2291, 2294, 255, 2310, 4380, 2336, 2366, 4443, 8622, 8638, 76251, 2527]"
415,"[40, 71, 86, 223, 247, 281, 378, 445, 2571, 524, 745, 766, 835, 1029, 1035, 1036, 1198, 1210, 1265, 1270]"
416,"[1059, 8, 16, 26, 2087, 71, 107, 116, 178, 241, 2302, 2321, 338, 596, 2670, 631, 2716, 750, 839, 858]"
417,"[59387, 3342, 61323, 8530, 8675, 556, 741, 8957, 787, 850, 986, 42004, 1131, 1132, 1178, 1256, 1281, 1298, 67087, 1810]"
418,"[745, 71, 79, 86, 49280, 281, 338, 8530, 82459, 556, 741, 9010, 835, 900, 905, 115617, 1005, 1021, 42004, 1269]"
419,"[73, 173, 237, 55820, 24, 2116, 4235, 170, 98491, 6350, 219, 222, 2318, 2344, 2359, 2357, 321, 326, 57669, 119145]"
420,"[308, 1273, 1719, 1845, 2184, 2287, 13, 53, 73, 116, 123, 205, 262, 306, 307, 309, 326, 373, 446, 465]"
421,"[1198, 28, 86, 107, 219, 232, 279, 314, 412, 452, 458, 650, 663, 720, 750, 806, 838, 924, 1036, 5418]"
422,"[1204, 1227, 1272, 1299, 1950, 2176, 2202, 13, 73, 99, 116, 175, 190, 205, 347, 363, 506, 549, 581, 663]"
423,"[2068, 3508, 3551, 3606, 8154, 8239, 32898, 149, 250, 262, 8197, 8477, 326, 139757, 549, 98963, 99030, 787, 850, 900]"
424,"[1464, 4584, 41, 144, 162, 175, 213, 307, 314, 441, 477, 501, 523, 549, 574, 581, 8947, 41997, 1230, 1238]"
425,"[81932, 441, 534, 741, 8957, 8958, 49957, 9010, 934, 1079, 1227, 1244, 1257, 91529, 67087, 34338, 1772, 1921, 2021, 43267]"
426,"[98491, 8981, 72356, 97225, 106489, 73881, 156, 194, 8530, 74152, 90600, 9010, 898, 905, 148626, 1175, 1209, 1211, 50703, 1772]"
427,"[1537, 163949, 32898, 149, 171, 250, 314, 599, 787, 850, 935, 1005, 1063, 1123, 1446, 99764, 1797, 1859, 1927, 2029]"
428,"[2501, 81932, 8957, 898, 905, 950, 140267, 1032, 1173, 1185, 1194, 42163, 1251, 1281, 99764, 1541, 26326, 1956, 2020, 2023]"
429,"[838, 1223, 73, 81, 2137, 162, 4273, 2267, 6377, 4352, 290, 2360, 4467, 441, 4591, 501, 2553, 2563, 115210, 534]"
430,"[156, 262, 8530, 390, 531, 599, 787, 850, 922, 1019, 42004, 1123, 1131, 1132, 1178, 1189, 1202, 1209, 1283, 1292]"
431,"[741, 67087, 1934, 43267, 81932, 27724, 3156, 77455, 69526, 36931, 62374, 5319, 71838, 116, 73881, 156, 308, 334, 352, 422]"
432,"[1230, 111759, 88744, 156, 57504, 194, 99030, 49957, 9010, 905, 107447, 1209, 1211, 1250, 1298, 50658, 67087, 50740, 50742, 1772]"
433,"[1251, 156, 250, 139757, 501, 99030, 8955, 107447, 954, 74754, 148626, 1173, 42163, 1276, 1280, 148881, 99764, 107978, 67087, 26242]"
434,"[1942, 4873, 5500, 53, 80, 99, 178, 205, 262, 301, 390, 8650, 8933, 781, 850, 935, 937, 58303, 973, 1063]"
435,"[314, 1411, 122882, 16, 25, 28, 26662, 2118, 57504, 229, 2344, 4406, 2413, 108932, 2478, 76251, 55820, 529, 605, 4734]"
436,"[973, 3634, 4238, 53, 80, 116, 205, 326, 373, 8580, 446, 8650, 501, 632, 635, 678, 99030, 759, 8955, 845]"
437,"[260, 16, 40, 2125, 107, 111, 156, 162, 247, 281, 303, 342, 345, 477, 663, 745, 750, 766, 778, 806]"
438,"[73, 194, 2968, 6, 2066, 24, 107, 55442, 127202, 230, 308, 2360, 326, 441, 6598, 152077, 541, 8751, 6787, 663]"
439,"[82, 149, 176, 177, 188, 213, 262, 306, 309, 314, 422, 531, 549, 581, 662, 663, 115569, 33660, 898, 900]"
440,"[16, 40, 71, 116, 194, 213, 264, 281, 290, 303, 309, 338, 2683, 2759, 750, 778, 2858, 835, 838, 2912]"
441,"[156, 57504, 281, 466, 82459, 741, 8955, 898, 954, 994, 1032, 1209, 1274, 1280, 1354, 66934, 50658, 34338, 50740, 50742]"
442,"[635, 728, 1964, 122904, 13, 177, 273, 41285, 8530, 348, 8542, 352, 531, 709, 742, 905, 916, 115617, 940, 949]"
443,"[54259, 79091, 122890, 28, 41, 53, 58, 86, 8341, 98491, 194, 224, 232, 268, 279, 280, 299, 98615, 314, 412]"
444,"[265, 1077, 1464, 2718, 5, 29, 35, 43, 62, 82, 144, 175, 213, 232, 370, 515, 522, 523, 534, 562]"
445,"[144, 8529, 501, 745, 5064, 1148, 8132, 41, 73, 85, 107, 111, 4226, 162, 194, 86377, 376, 458, 491, 663]"
446,"[8827, 2288, 2739, 3246, 3527, 3703, 5, 122890, 73881, 471, 534, 8783, 8957, 909, 934, 58299, 74727, 1088, 1175, 1185]"
447,"[3006, 1193, 1219, 1997, 16, 2087, 2302, 2321, 541, 2670, 2683, 2716, 2759, 728, 838, 2912, 2987, 1029, 1079, 1183]"
448,"[73, 57504, 106918, 115210, 33615, 1175, 1274, 1393, 1537, 1611, 1639, 59018, 1707, 1719, 1921, 2021, 2117, 2153, 2344, 2383]"
449,"[16, 71, 178, 229, 241, 260, 338, 745, 778, 835, 838, 7153, 1029, 1036, 1079, 5952, 527, 232, 4226, 6377]"
450,"[1885, 67508, 93040, 44788, 5319, 8197, 41, 58, 156, 194, 8477, 8530, 501, 98963, 49957, 9010, 922, 42004, 1104, 1211]"
451,"[728, 910, 1264, 73344, 13, 28, 58, 80, 99, 176, 262, 319, 342, 363, 106920, 531, 535, 549, 714, 759]"
452,"[2488, 49, 163949, 116, 32898, 183, 184, 240, 271, 416, 567, 742, 850, 171, 935, 961, 984, 1066, 1123, 1312]"
453,"[4846, 4980, 40, 86, 107, 73881, 193, 232, 255, 265, 422, 8645, 477, 647, 662, 8874, 66297, 762, 801, 9010]"
454,"[2231, 2944, 3361, 3429, 1537, 55267, 2117, 73, 2186, 127202, 2360, 104841, 106920, 6598, 152077, 115210, 72226, 6787, 4846, 2863]"
455,"[1029, 17, 40, 41, 2115, 70, 85, 162, 8368, 180, 281, 303, 328, 345, 376, 441, 2501, 477, 611, 6787]"
456,"[127202, 57504, 98491, 293, 41285, 8533, 594, 611, 671, 674, 8958, 49957, 9010, 58299, 74727, 1234, 1252, 1253, 1281, 1293]"
457,"[898, 28, 8239, 99, 123, 32898, 262, 8197, 308, 326, 363, 446, 465, 501, 98963, 99030, 766, 850, 909, 107447]"
458,"[280, 57669, 458, 491, 741, 49957, 9010, 838, 1029, 59784, 27882, 3861, 53956, 5064, 5500, 40414, 7649, 1148, 8947, 8958]"
459,"[8, 16, 26, 28, 111, 116, 149, 156, 175, 2268, 229, 262, 2318, 280, 2353, 321, 347, 6539, 529, 553]"
460,"[850, 1939, 1942, 2130, 3150, 4688, 13, 116, 205, 250, 8530, 8542, 390, 106920, 139757, 635, 8955, 937, 973, 1111]"
461,"[8530, 3342, 262, 326, 501, 82459, 556, 766, 787, 850, 33660, 42004, 1111, 1131, 1132, 1209, 1211, 1292, 1289, 1354]"
462,"[458, 474, 491, 745, 56367, 7323, 3408, 46578, 6016, 122882, 2106, 2117, 6269, 4235, 4247, 175, 246, 4344, 4378, 307]"
463,"[177, 1940, 2460, 13, 116, 149, 262, 314, 8530, 352, 390, 549, 635, 709, 741, 742, 787, 850, 115569, 961]"
464,"[255, 762, 40, 71, 111, 116, 178, 219, 241, 51471, 338, 31116, 477, 2690, 64285, 832, 835, 1029, 1036, 1057]"
465,"[5444, 28, 29, 35, 82, 116, 156, 162, 203, 218, 8529, 419, 491, 522, 534, 781, 848, 892, 969, 1020]"
466,"[352, 665, 973, 1178, 1180, 1211, 1264, 1683, 1927, 1963, 2272, 2474, 2757, 2764, 2932, 2935, 3069, 3096, 3134, 3201]"
467,"[1204, 1263, 1299, 3435, 122904, 73, 198, 290, 309, 319, 327, 156025, 106920, 428, 534, 543, 556, 596, 599, 616]"
468,"[4967, 13, 8264, 163949, 116, 74089, 8580, 106916, 8650, 635, 98963, 99030, 8955, 850, 935, 937, 107447, 58303, 961, 984]"
469,"[7, 81, 49280, 149, 8366, 176, 241, 33166, 8638, 8644, 8665, 522, 549, 8783, 611, 633, 662, 714, 33493, 760]"
470,"[1257, 25850, 3739, 86882, 5114, 6273, 6650, 7116, 122890, 14, 41, 80, 82, 98491, 205, 230, 262, 106782, 301, 307]"
471,"[1287, 2872, 122900, 73881, 98491, 8533, 905, 913, 926, 115617, 986, 991, 1030, 1131, 1132, 1185, 1224, 1244, 1281, 1286]"
472,"[1420, 1859, 1939, 5490, 6375, 132333, 49, 163949, 116, 32898, 149, 183, 184, 205, 240, 271, 384, 567, 621, 635]"
473,"[73, 141, 8387, 272, 8530, 74152, 724, 66297, 9010, 1060, 148626, 1285, 50703, 1707, 1772, 1887, 59273, 2068, 108583, 59447]"
474,"[1192, 1243, 1489, 3035, 48516, 73344, 13, 162, 176, 262, 342, 106920, 535, 556, 581, 905, 917, 930, 940, 942]"
475,"[94466, 5319, 8197, 41, 8239, 32898, 156, 194, 250, 8477, 8530, 8542, 74152, 139757, 98963, 671, 714, 905, 74754, 1031]"
476,"[41, 314, 1262, 2434, 28, 29, 8239, 58, 62, 99, 100, 105, 123, 156, 194, 206, 216, 280, 334, 348]"
477,"[1287, 122890, 41, 80, 98491, 198, 261, 265, 272, 301, 370, 422, 423, 474, 605, 662, 714, 66297, 800, 852]"
478,"[3081, 98491, 543, 741, 74727, 1020, 148626, 1175, 1234, 1244, 1257, 1449, 50703, 1921, 1957, 108583, 2109, 43267, 2413, 2478]"
479,"[8530, 74152, 1298, 50703, 1921, 59273, 26662, 108583, 43267, 2359, 2416, 2467, 2596, 2810, 2924, 27523, 27724, 93324, 3342, 44633]"
480,"[108583, 27724, 36931, 86, 156, 194, 250, 262, 8530, 8542, 74152, 139757, 531, 662, 74754, 1209, 1211, 132333, 1286, 148881]"
481,"[2488, 163949, 149, 250, 99030, 872, 973, 1085, 1125, 1123, 1420, 99764, 1564, 1859, 2130, 2261, 2285, 2330, 2553, 2554]"
482,"[5902, 122904, 8341, 162, 33004, 262, 272, 307, 308, 326, 8533, 156025, 446, 465, 501, 549, 671, 728, 8947, 766]"
483,"[108583, 86504, 31410, 57504, 98491, 482, 678, 905, 940, 148626, 1178, 1224, 1254, 1303, 34338, 1931, 1941, 1956, 26662, 2132]"
484,"[30793, 593, 1036, 26, 28, 71, 116, 149, 156, 175, 229, 235, 267, 345, 2396, 347, 348, 381, 477, 491]"
485,"[671, 745, 1103, 1199, 1464, 1541, 116797, 2890, 3181, 36527, 71, 86, 100, 116, 73881, 162, 106696, 222, 306, 308]"
486,"[53, 123, 57504, 176, 188, 222, 224, 232, 268, 299, 309, 314, 319, 431, 515, 82459, 611, 632, 663, 674]"
487,"[219, 1198, 8, 40, 53, 2109, 71, 2133, 2144, 2167, 178, 2273, 267, 299, 632, 633, 662, 750, 762, 766]"
488,"[73, 123, 222, 309, 314, 327, 671, 1257, 1280, 1537, 1620, 1658, 1827, 2195, 2282, 2363, 2620, 2624, 5617, 112421]"
489,"[1354, 1836, 1997, 4007, 122882, 17, 45, 73, 76, 85, 175, 314, 441, 474, 515, 562, 574, 33493, 805, 838]"
490,"[1035, 8, 24, 26, 28, 70, 71, 116, 149, 156, 175, 255, 270, 281, 328, 347, 361, 378, 524, 611]"
491,"[198, 748, 1192, 1228, 2434, 56367, 122882, 13, 40, 73, 123, 170, 290, 303, 314, 321, 8645, 556, 581, 599]"
492,"[8239, 8240, 32840, 99, 166, 262, 309, 363, 33138, 392, 33166, 33171, 465, 565, 633, 668, 673, 8873, 99030, 728]"
493,"[116, 29, 41, 99, 205, 219, 363, 445, 522, 581, 665, 709, 742, 748, 781, 170, 892, 893, 1046, 1050]"
494,"[73, 8530, 556, 99030, 9010, 922, 107447, 1183, 1199, 1219, 1227, 1257, 1298, 1611, 1719, 2058, 108583, 2132, 2231, 2318]"
495,"[16, 40, 71, 198, 219, 229, 260, 303, 338, 345, 524, 778, 835, 838, 858, 1029, 1036, 1079, 281, 318]"
496,"[8, 28, 40, 2142, 111, 116, 178, 2268, 314, 2463, 2683, 2687, 650, 2706, 2716, 2762, 720, 750, 762, 783]"
497,"[149, 115569, 26131, 1859, 26587, 51540, 3300, 3915, 4015, 4056, 4302, 4731, 70286, 86781, 4967, 5071, 5893, 7096, 7099, 89492]"
498,"[1464, 28, 86, 116, 219, 222, 257, 306, 308, 319, 8528, 345, 8784, 631, 665, 748, 90866, 761, 8957, 140267]"
499,"[1172, 1411, 122882, 122890, 12, 73, 190, 230, 262, 307, 308, 319, 326, 33166, 465, 501, 523, 549, 574, 596]"
500,"[59387, 8254, 49280, 73881, 237, 307, 8530, 156025, 555, 9010, 140110, 918, 74727, 1005, 1175, 25801, 25805, 1235, 1249, 1253]"
501,"[41, 8530, 42004, 1224, 1299, 34072, 67087, 1635, 2117, 108709, 126430, 69134, 61013, 61236, 77800, 86320, 4880, 4914, 6776, 6852]"
502,"[1658, 1931, 3811, 55820, 41, 53, 73, 99, 123, 205, 262, 309, 57669, 326, 363, 465, 501, 549, 632, 635]"
503,"[57504, 8464, 90430, 441, 1274, 99728, 2117, 2431, 3000, 3448, 3489, 3633, 86548, 4874, 62336, 5690, 88163, 6548, 88810, 7293]"
504,"[1020, 1931, 2076, 36527, 13, 73, 80, 86, 123, 162, 176, 206, 237, 262, 289, 301, 309, 314, 319, 429]"
505,"[741, 8947, 1238, 27790, 27882, 3739, 6273, 7116, 7256, 53, 116, 205, 299, 314, 326, 8530, 373, 501, 632, 635]"
506,"[2231, 2944, 1287, 3361, 16, 2116, 2137, 116, 156, 2267, 229, 237, 4352, 290, 4467, 2542, 4591, 501, 2563, 524]"
507,"[26, 2115, 2118, 111, 116, 156, 8360, 8368, 4306, 229, 6377, 345, 501, 714, 8947, 766, 8958, 68358, 910, 994]"
508,"[766, 16, 107, 116, 219, 229, 2571, 663, 720, 750, 762, 778, 806, 838, 858, 924, 1029, 1057, 1059, 1198]"
509,"[3038, 3357, 163949, 116, 32898, 171, 205, 635, 98963, 850, 935, 937, 1063, 1066, 1085, 1123, 1420, 1564, 1859, 1933]"
510,"[850, 13, 53, 80, 99, 116, 205, 301, 363, 465, 549, 935, 937, 947, 961, 968, 984, 1046, 1063, 1066]"
511,"[1358, 28, 2087, 107, 116, 55442, 149, 178, 2248, 213, 219, 229, 241, 264, 2313, 2312, 2321, 2324, 279, 2329]"
512,"[71838, 90600, 37733, 1172, 81932, 92210, 45186, 4235, 73881, 127202, 246, 43267, 110873, 90430, 368, 6548, 106918, 106920, 108979, 458]"
513,"[260, 2501, 458, 491, 720, 838, 1029, 1079, 1148, 1193, 1196, 5418, 5952, 3916, 3949, 59315, 778, 2571, 88125, 6377]"
514,"[205, 937, 961, 984, 1365, 1419, 1934, 2184, 2238, 2938, 3086, 3091, 3165, 3406, 3417, 3447, 3470, 13, 30, 53]"
515,"[73, 73881, 8366, 8387, 90430, 355, 74152, 441, 466, 594, 724, 99030, 8970, 49957, 9010, 905, 107447, 58299, 1060, 1127]"
516,"[8, 53, 111, 268, 299, 632, 778, 850, 1049, 1079, 1198, 1201, 1225, 1247, 1263, 1354, 28, 40, 41, 70]"
517,"[16, 40, 71, 111, 116, 219, 229, 255, 338, 445, 458, 477, 491, 2571, 524, 762, 2858, 835, 7153, 1029]"
518,"[2474, 2984, 30, 49, 116, 149, 183, 184, 205, 271, 307, 306, 308, 309, 326, 416, 82459, 567, 621, 787]"
519,"[1449, 156, 188, 194, 250, 139757, 501, 663, 99030, 107447, 74754, 1211, 1232, 1334, 1361, 148881, 107978, 1924, 1956, 1962]"
520,"[2501, 41, 156, 194, 8530, 82459, 99030, 49957, 9010, 905, 107447, 42004, 1104, 1175, 1185, 1209, 1211, 1224, 1230, 1298]"
521,"[94466, 2318, 129313, 53550, 2359, 57669, 141886, 99030, 80717, 2970, 60333, 107447, 5056, 5121, 3202, 64660, 1298, 79469, 5291, 17]"
522,"[90430, 74152, 474, 556, 99030, 741, 49957, 9010, 905, 107447, 148626, 1230, 1281, 67087, 59273, 2068, 108583, 59447, 43267, 2318]"
523,"[29, 41, 156, 194, 57669, 82459, 556, 49957, 9010, 905, 913, 926, 991, 140267, 1209, 1211, 1224, 1234, 1244, 1272]"
524,"[6787, 122904, 29, 156, 194, 74152, 556, 99030, 49957, 9010, 107447, 1032, 1046, 107559, 148626, 1172, 1175, 1209, 1211, 1234]"
525,"[923, 50658, 50740, 50742, 26712, 2336, 52767, 38499, 46723, 7566, 65130, 81845, 122904, 41, 8341, 98491, 8533, 482, 8675, 82459]"
526,"[1921, 3504, 4019, 2, 122890, 29, 41, 62, 73, 85, 73881, 8387, 8464, 90430, 8622, 724, 750, 8947, 8958, 49957]"
527,"[73344, 58, 213, 441, 474, 581, 8957, 905, 140267, 1192, 1261, 1296, 1361, 1446, 1484, 34338, 1827, 2109, 2359, 2413]"
528,"[969, 6669, 73, 123, 8493, 309, 314, 49530, 8645, 663, 714, 99030, 9010, 905, 940, 950, 107447, 58299, 968, 1025]"
529,"[1939, 49, 163949, 32898, 149, 183, 184, 240, 271, 384, 416, 567, 621, 635, 850, 171, 961, 984, 1123, 1312]"
530,"[1060, 2746, 3051, 3156, 3185, 30, 71, 178, 345, 381, 529, 556, 694, 714, 781, 835, 839, 893, 903, 904]"
531,"[81932, 49280, 8366, 232, 471, 474, 82459, 741, 90866, 8957, 49957, 9010, 902, 905, 1005, 41997, 1057, 1084, 1131, 1188]"
532,"[5444, 8341, 57669, 115210, 741, 49957, 9010, 969, 1032, 1085, 1238, 1243, 1261, 1272, 1301, 1394, 91630, 1772, 1921, 2021]"
533,"[1188, 58559, 3635, 8341, 205, 229, 352, 373, 33166, 82459, 662, 66297, 946, 994, 1061, 1131, 1132, 1172, 1178, 1184]"
534,"[1273, 2888, 3743, 5159, 5957, 28, 53, 71, 73, 116, 123, 232, 241, 268, 279, 309, 314, 452, 497, 537]"
535,"[3916, 2028, 26662, 40, 57504, 194, 232, 255, 281, 106782, 303, 345, 2501, 535, 541, 745, 838, 62336, 31658, 3000]"
536,"[8, 28, 40, 70, 71, 97, 116, 156, 213, 264, 279, 290, 309, 321, 328, 477, 611, 650, 662, 673]"
537,"[2920, 53, 178, 33004, 309, 8530, 390, 8650, 575, 632, 633, 8933, 742, 8955, 850, 935, 58303, 961, 984, 1123]"
538,"[30, 2087, 100, 107, 178, 213, 230, 232, 241, 264, 2321, 290, 309, 345, 458, 2571, 535, 2670, 663, 673]"
539,"[2344, 4772, 2759, 2826, 2912, 2926, 3101, 1611, 1719, 6, 28, 41, 73, 80, 107, 2066, 194, 2248, 4308, 222]"
540,"[127202, 319, 152077, 6156, 2116, 101, 107, 194, 2333, 441, 39414, 534, 535, 72226, 663, 31420, 8910, 8970, 806, 2968]"
541,"[293, 1046, 2360, 16, 17, 29, 73, 170, 216, 272, 307, 314, 441, 458, 491, 515, 556, 33493, 728, 760]"
542,"[73881, 8366, 8387, 90430, 355, 466, 594, 8827, 90866, 49957, 9010, 898, 905, 911, 955, 1127, 1230, 1269, 99728, 50703]"
543,"[116, 267, 477, 491, 520, 1330, 1358, 8, 26, 2085, 2094, 2090, 2106, 2108, 71, 111, 2268, 270, 281, 2353]"
544,"[108583, 43267, 3342, 44633, 6776, 6852, 8197, 32898, 156, 250, 281, 8477, 8530, 501, 531, 549, 98963, 99030, 149, 8955]"
545,"[950, 99, 123, 178, 190, 309, 363, 581, 633, 635, 728, 766, 845, 926, 936, 1192, 1262, 1289, 1301, 1333]"
546,"[29, 4874, 122904, 98491, 193, 90430, 556, 611, 671, 674, 49957, 9010, 934, 954, 969, 74727, 1249, 1256, 1298, 1411]"
547,"[116, 49, 149, 171, 183, 184, 205, 240, 271, 416, 567, 621, 98963, 850, 935, 961, 984, 1066, 1123, 1312]"
548,"[2353, 2355, 903, 913, 926, 953, 1086, 1252, 1286, 1931, 1952, 1961, 2018, 2064, 28, 41, 53, 71, 85, 97]"
549,"[745, 2863, 909, 2971, 1077, 1172, 1230, 1299, 4103, 16, 58, 2116, 73, 107, 6273, 156, 168, 4273, 2231, 94466]"
550,"[616, 905, 940, 1224, 1256, 1269, 1934, 2243, 2463, 3088, 57504, 176, 106782, 348, 352, 422, 82459, 662, 49957, 9010]"
551,"[232, 745, 1357, 1489, 1566, 8, 25, 28, 70, 71, 86, 107, 111, 116, 156, 2268, 229, 2353, 2355, 477]"
552,"[73, 8, 2066, 40, 41, 74, 79, 85, 107, 135, 140, 156, 162, 255, 2324, 281, 303, 308, 326, 104841]"
553,"[41285, 1994, 2132, 8530, 74152, 714, 905, 955, 148626, 1224, 1269, 50703, 157296, 59273, 149406, 2068, 108583, 92210, 59447, 108709]"
554,"[6, 28, 41, 73, 99, 206, 213, 8530, 363, 534, 581, 663, 720, 728, 74458, 8933, 866, 969, 140267, 42004]"
555,"[1219, 30, 40, 86, 107, 156, 178, 264, 2318, 279, 303, 309, 2360, 326, 2542, 633, 663, 673, 4772, 2759]"
556,"[16, 229, 858, 9, 40, 71, 193, 232, 719, 720, 750, 762, 778, 835, 838, 924, 1029, 1198, 1036, 494]"
557,"[1252, 2365, 46, 49, 79, 82, 116, 49280, 149, 156, 183, 184, 206, 240, 271, 278, 289, 326, 8530, 156025]"
558,"[850, 1939, 3038, 163949, 32898, 171, 190, 422, 635, 98963, 907, 935, 937, 973, 1063, 1066, 1123, 1420, 1564, 1692]"
559,"[1248, 1858, 2091, 2184, 2208, 2287, 2935, 2937, 3265, 55820, 48516, 13, 53, 58, 86, 116, 205, 232, 33004, 306]"
560,"[4734, 5, 122900, 29, 86, 237, 246, 272, 41285, 8641, 497, 531, 616, 741, 745, 66297, 8981, 49957, 9010, 898]"
561,"[876, 26152, 2780, 2880, 3032, 3153, 3627, 3771, 4565, 4566, 4567, 4696, 4717, 7844, 41, 188, 262, 41285, 8530, 531]"
562,"[122886, 122904, 156, 176, 194, 262, 41285, 8530, 531, 787, 850, 905, 42004, 1095, 1131, 1132, 1185, 1209, 1211, 1224]"
563,"[247, 250, 98615, 8530, 139757, 501, 99030, 66297, 9010, 107412, 107447, 74727, 140267, 74754, 1046, 148626, 42163, 1249, 1251, 1354]"
564,"[2984, 163949, 32898, 205, 309, 635, 742, 850, 961, 984, 1085, 1420, 1564, 1859, 1933, 1939, 2238, 2330, 2488, 2627]"
565,"[2117, 4308, 265, 306, 308, 314, 2434, 477, 2599, 556, 2677, 6796, 2712, 2718, 2759, 720, 33493, 728, 68358, 4886]"
566,"[471, 534, 77846, 39, 2116, 88163, 107, 246, 2324, 90430, 2383, 96610, 355, 6502, 2431, 96655, 2501, 2539, 2541, 86548]"
567,"[127202, 152077, 101, 2186, 161, 2231, 2333, 307, 2360, 86377, 39414, 72226, 4772, 2863, 27523, 3006, 5064, 27664, 1046, 3160]"
568,"[28, 40, 71, 111, 4306, 255, 279, 281, 338, 452, 477, 650, 2762, 762, 835, 4993, 7153, 1029, 1079, 40414]"
569,"[68954, 6350, 122882, 13, 80, 116, 205, 272, 308, 322, 352, 728, 759, 866, 917, 935, 973, 986, 991, 1023]"
570,"[41, 57504, 41285, 90600, 748, 58299, 1028, 1230, 1298, 50658, 50742, 50740, 1680, 1683, 1957, 26662, 108583, 2117, 2132, 26712]"
571,"[319, 30749, 116797, 2115, 76, 2132, 2160, 4235, 144, 162, 71838, 175, 112852, 2268, 2291, 261, 2357, 2360, 8533, 84392]"
572,"[6787, 40414, 106918, 441, 543, 556, 8970, 49957, 9010, 58299, 74727, 1204, 1261, 50703, 1772, 2288, 2359, 60040, 2712, 51935]"
573,"[5, 11, 13, 29, 30793, 80, 2138, 111, 112, 2186, 151, 162, 176, 2253, 206, 216, 237, 2284, 2289, 2303]"
574,"[8197, 8239, 58, 32898, 8477, 98963, 1251, 1260, 26094, 26326, 2068, 116897, 2360, 2732, 3010, 3306, 3629, 5056, 5147, 5179]"
575,"[4783, 13, 116, 326, 390, 8650, 8675, 575, 8933, 742, 8955, 893, 58303, 961, 984, 1123, 1419, 1420, 1564, 8530]"
576,"[3, 28, 41, 57504, 213, 581, 611, 665, 714, 748, 910, 969, 140267, 1060, 1172, 1173, 1185, 1192, 1224, 1228]"
577,"[352, 949, 1178, 1942, 1945, 1950, 2069, 2272, 2312, 2757, 2764, 3069, 3111, 3508, 3543, 3683, 13, 116, 125, 8530]"
578,"[80549, 2863, 95088, 909, 5060, 1278, 1299, 2117, 73, 81, 2132, 2137, 4238, 162, 2231, 2267, 4352, 4361, 290, 8529]"
579,"[1, 122882, 3, 2, 5, 6, 7, 4, 9, 10, 122890, 11, 81932, 14, 8, 16, 17, 18, 19, 122900]"
580,"[250, 139757, 148881, 107978, 1859, 133771, 85438, 3606, 127108, 127152, 94466, 160590, 54256, 128620, 79677, 96467, 6732, 81156, 74754, 48698]"
581,"[497, 515, 965, 1927, 2117, 2311, 3633, 112556, 122892, 81932, 122920, 53, 86, 112, 106642, 176, 98491, 194, 206, 224]"
582,"[176, 188, 968, 1269, 1924, 2460, 51935, 3020, 3071, 47099, 63859, 31225, 79, 86, 106696, 232, 257, 8530, 531, 33660]"
583,"[122890, 25, 2116, 73, 101, 2186, 2231, 2333, 121231, 106918, 6598, 39414, 72226, 4755, 4772, 2759, 8970, 2863, 2912, 2944]"
584,"[41, 42004, 1224, 34072, 1635, 27721, 4880, 54372, 6776, 6852, 65216, 8530, 74152, 543, 556, 99030, 9010, 905, 107447, 1298]"
585,"[1420, 2068, 2488, 2920, 3038, 116, 8493, 8580, 390, 8650, 82459, 8933, 8955, 115569, 935, 58303, 961, 984, 1123, 25852]"
586,"[6, 24, 741, 1219, 27882, 122882, 3, 122886, 25, 57669, 555, 8947, 8957, 49957, 9010, 1261, 1276, 1285, 1293, 1356]"
587,"[850, 2102, 3038, 163949, 116, 205, 250, 635, 98963, 935, 961, 984, 1123, 1420, 99764, 1564, 1859, 1933, 2238, 2330]"
588,"[16, 40, 107, 178, 229, 232, 241, 345, 6787, 663, 745, 750, 806, 838, 924, 1029, 1036, 1265, 5445, 1584]"
589,"[17, 40, 71, 111, 116, 281, 338, 477, 720, 750, 762, 766, 778, 783, 835, 838, 924, 1027, 1057, 1059]"
590,"[229, 858, 28, 71, 86, 100, 178, 213, 241, 255, 264, 279, 290, 309, 338, 345, 535, 650, 673, 745]"
591,"[156, 176, 177, 188, 216, 272, 333, 474, 719, 8949, 66297, 8957, 839, 848, 852, 910, 926, 1015, 1020, 1027]"
592,"[1252, 2106, 176, 177, 188, 422, 8645, 82459, 662, 665, 9010, 33660, 905, 926, 115617, 940, 969, 1009, 1131, 1132]"
593,"[28, 40, 70, 97, 111, 116, 156, 279, 328, 477, 611, 650, 662, 745, 750, 762, 778, 924, 7153, 1057]"
594,"[905, 2467, 3035, 122890, 24, 116, 188, 215, 262, 319, 326, 465, 501, 635, 728, 8947, 8958, 845, 947, 973]"
595,"[1938, 3730, 3811, 5152, 86, 99, 116, 49272, 123, 205, 33004, 279, 326, 363, 33166, 82459, 635, 650, 728, 8955]"
596,"[951, 1859, 2488, 2585, 2673, 60333, 3008, 3218, 122892, 73, 123, 281, 309, 8530, 446, 99030, 8955, 766, 850, 107447]"
597,"[635, 986, 1111, 1934, 3167, 73, 116, 188, 205, 309, 326, 390, 82459, 549, 8955, 850, 935, 961, 984, 140267]"
598,"[8530, 156, 188, 194, 262, 8542, 531, 905, 42004, 1131, 1132, 1147, 1185, 1209, 1211, 1224, 1243, 132333, 1299, 1300]"
599,"[250, 90430, 156025, 74152, 139757, 671, 741, 8947, 8969, 140110, 876, 902, 905, 140267, 74754, 1032, 1030, 107559, 1084, 148626]"
600,"[73, 8387, 232, 8464, 90430, 319, 333, 355, 74152, 441, 115210, 58047, 724, 49957, 9010, 140110, 898, 1060, 148626, 1208]"
601,"[441, 2116, 81932, 29, 101, 8638, 594, 8827, 99030, 8970, 905, 923, 951, 107447, 953, 58299, 1172, 1175, 1230, 1244]"
602,"[858, 53, 70, 86, 176, 178, 2253, 219, 264, 2324, 309, 2355, 328, 347, 392, 2542, 2571, 611, 2657, 632]"
603,"[477, 1148, 1224, 1264, 2291, 7099, 53, 71, 116, 176, 194, 265, 268, 299, 307, 632, 665, 720, 741, 745]"
604,"[497, 4054, 4188, 80906, 7320, 122920, 71, 73, 99, 49280, 106642, 8366, 98491, 8387, 267, 308, 74152, 581, 741, 8949]"
605,"[2318, 3038, 13, 116, 205, 326, 390, 465, 8675, 82459, 742, 8947, 33660, 961, 984, 1111, 1123, 1202, 1251, 1305]"
606,"[13, 24, 123, 162, 206, 262, 290, 482, 531, 535, 599, 678, 99030, 850, 909, 917, 940, 107447, 954, 955]"
607,"[122904, 262, 41285, 8530, 8542, 531, 787, 850, 42004, 1131, 1132, 1147, 1178, 1185, 1209, 1227, 132333, 1281, 1301, 50658]"
608,"[13, 99, 190, 8542, 390, 422, 8650, 549, 99030, 8933, 741, 115569, 107447, 58303, 973, 1063, 1085, 1150, 1420, 1564]"
609,"[1219, 1299, 44555, 16, 2117, 73, 2132, 2137, 4238, 6333, 229, 4361, 314, 529, 6711, 2668, 2677, 74458, 745, 4846]"
610,"[34338, 8132, 81932, 41, 8254, 101, 156, 175, 194, 213, 8530, 581, 628, 99030, 49957, 9010, 107447, 107559, 1103, 1104]"
611,"[219, 3462, 58, 289, 57669, 90600, 555, 708, 90866, 49957, 9010, 934, 74727, 140267, 1042, 1089, 1172, 1233, 1242, 1249]"
612,"[556, 1060, 3148, 4235, 122882, 122886, 25, 8387, 8529, 33166, 74152, 441, 474, 497, 534, 8751, 724, 8949, 902, 910]"
613,"[2109, 2117, 2186, 127202, 2413, 108932, 106920, 2478, 152077, 6669, 543, 72226, 6787, 741, 4846, 8958, 2863, 5064, 54259, 3081]"
614,"[8955, 1192, 1361, 26242, 2925, 6918, 41, 53, 116, 178, 205, 308, 392, 33166, 446, 501, 632, 635, 678, 728]"
615,"[2117, 108709, 60333, 126430, 69134, 61013, 61236, 4914, 6975, 64501, 156, 194, 250, 8530, 74152, 139757, 99030, 9010, 905, 107447]"
616,"[8, 24, 26, 28, 71, 6942, 116, 156, 4306, 2268, 6377, 262, 267, 272, 4369, 279, 281, 2353, 306, 2355]"
617,"[57669, 2542, 53956, 49957, 9010, 4011, 2058, 2087, 53, 2106, 2108, 2125, 219, 222, 232, 229, 237, 268, 4369, 299]"
618,"[31410, 7502, 73, 190, 194, 213, 229, 57669, 441, 8638, 678, 99030, 8933, 8981, 866, 905, 918, 926, 936, 940]"
619,"[260, 750, 924, 1036, 1198, 16, 40, 107, 162, 178, 213, 241, 264, 290, 306, 307, 309, 345, 663, 673]"
620,"[31225, 89904, 156025, 74152, 66203, 99030, 724, 8969, 107447, 955, 140267, 107559, 1111, 148626, 42163, 25801, 1244, 1251, 1269, 1281]"
621,"[1273, 1953, 73344, 122904, 123, 188, 309, 314, 156025, 616, 671, 66297, 8969, 905, 916, 969, 140267, 1025, 1132, 1194]"
622,"[26662, 6, 36931, 2193, 71838, 57504, 4299, 127202, 2344, 2413, 63859, 2501, 31225, 115210, 152077, 4641, 2596, 51935, 2826, 56152]"
623,"[29, 8530, 99030, 741, 905, 107447, 1298, 67087, 34338, 1772, 1947, 2068, 108583, 59447, 43267, 76111, 141886, 2810, 2924, 27523]"
624,"[1123, 1202, 1939, 2330, 2488, 2553, 2554, 2627, 2824, 3718, 3947, 4711, 49, 163949, 116, 32898, 183, 184, 240, 262]"
625,"[122890, 250, 261, 98615, 90430, 74152, 139757, 58047, 99030, 107412, 107447, 74727, 74754, 107559, 148626, 1209, 1285, 1298, 148881, 99764]"
626,"[1227, 3548, 29, 41, 73, 123, 177, 188, 261, 290, 306, 308, 314, 348, 412, 8644, 8645, 82459, 556, 599]"
627,"[556, 2359, 29, 156, 98491, 194, 8530, 99030, 8981, 107447, 1209, 1211, 50658, 50740, 50742, 1772, 2068, 59447, 26712, 43267]"
628,"[82, 154, 178, 392, 521, 538, 8132, 122900, 8228, 41, 80, 100, 249, 280, 301, 8493, 8638, 492, 663, 8981]"
629,"[7, 8, 28, 71, 2125, 86, 219, 270, 272, 279, 281, 314, 338, 361, 412, 452, 2571, 647, 650, 720]"
630,"[1103, 2863, 73, 80, 551, 556, 671, 99030, 759, 913, 950, 107447, 1177, 1223, 1286, 1298, 1299, 1500, 2058, 2116]"
631,"[25, 594, 994, 122882, 2064, 2070, 2087, 58, 2116, 111, 162, 2289, 2344, 306, 308, 2366, 2501, 2542, 534, 4641]"
632,"[6156, 26662, 102445, 58, 2117, 88163, 4235, 57504, 223, 127202, 8464, 90430, 2431, 6548, 115210, 152077, 86548, 596, 80463, 8827]"
633,"[107, 219, 232, 458, 491, 534, 33493, 750, 766, 806, 99114, 838, 858, 924, 1036, 1221, 5418, 5445, 1358, 3462]"
634,"[194, 319, 535, 1391, 1407, 1625, 122890, 6156, 30749, 2116, 2132, 30810, 107, 2186, 4238, 2231, 6350, 6365, 2396, 8638]"
635,"[16, 2108, 2131, 2132, 18, 6273, 4238, 156, 223, 4361, 2351, 2359, 2360, 348, 2433, 2434, 441, 2542, 6650, 2573]"
636,"[5418, 1732, 2102, 2138, 99, 2160, 2186, 2064, 149, 156, 175, 176, 178, 237, 2284, 2288, 262, 2329, 307, 347]"
637,"[2863, 3006, 1230, 122890, 12, 77846, 58, 2116, 107, 2186, 2268, 308, 321, 33166, 96655, 76251, 2668, 6787, 663, 671]"
638,"[149, 3015, 30, 46, 49, 58, 73, 116, 183, 184, 205, 240, 271, 306, 309, 326, 384, 8675, 549, 567]"
639,"[30, 213, 264, 290, 309, 673, 5952, 28, 40, 100, 107, 178, 232, 241, 279, 412, 452, 650, 663, 750]"
640,"[1035, 30, 2094, 2106, 147, 178, 8, 2268, 247, 2087, 270, 2353, 2355, 4474, 378, 2542, 501, 535, 540, 766]"
641,"[178, 766, 8, 26, 71, 92, 107, 149, 219, 241, 2297, 338, 347, 501, 631, 633, 694, 750, 2804, 783]"
642,"[1178, 3420, 3545, 13, 14, 82, 99, 116, 178, 205, 215, 230, 232, 314, 363, 392, 465, 475, 521, 581]"
643,"[26662, 57504, 293, 441, 62336, 1090, 1172, 1228, 1252, 1259, 1262, 1274, 5690, 65261, 89864, 6156, 25, 28, 2116, 107]"
644,"[915, 62, 73, 162, 175, 428, 534, 549, 553, 574, 8807, 616, 663, 665, 748, 845, 898, 905, 907, 909]"
645,"[969, 16, 41, 8341, 106696, 237, 261, 314, 665, 838, 899, 926, 1014, 1015, 1021, 1175, 58559, 1233, 1238, 1271]"
646,"[1094, 58559, 1272, 23, 122920, 58, 116, 106642, 162, 177, 98491, 188, 273, 98809, 82459, 662, 33660, 905, 921, 922]"
647,"[2757, 3634, 4967, 53, 73, 99, 116, 205, 309, 363, 390, 422, 549, 8955, 850, 115569, 937, 947, 973, 1085]"
648,"[2068, 108583, 2436, 3823, 8197, 8254, 32898, 156, 8530, 98963, 99030, 8955, 9010, 950, 107447, 42163, 1209, 1280, 99764, 26094]"
649,"[28, 40, 97, 116, 149, 156, 279, 347, 650, 745, 750, 762, 766, 778, 858, 924, 1057, 1059, 1148, 1198]"
650,"[116, 267, 477, 491, 1330, 8, 24, 28, 2106, 71, 111, 149, 175, 246, 262, 281, 345, 347, 2571, 534]"
651,"[54001, 2947, 969, 134130, 1274, 7502, 122890, 2070, 28, 26662, 2106, 2117, 2193, 4247, 57504, 223, 127202, 2287, 4344, 2301]"
652,"[1224, 3548, 4140, 4520, 98491, 8530, 348, 352, 662, 58047, 728, 742, 8955, 787, 835, 140110, 850, 876, 1251, 1564]"
653,"[832, 1183, 1357, 1489, 1566, 7, 8, 31, 2085, 2087, 2248, 232, 2297, 281, 303, 57669, 351, 361, 4459, 2529]"
654,"[2330, 2553, 30, 49, 116, 156, 183, 184, 240, 271, 273, 326, 384, 567, 621, 742, 766, 787, 850, 893]"
655,"[122886, 122882, 122904, 29, 82459, 49957, 9010, 905, 954, 1131, 1132, 1224, 1230, 1244, 1281, 67087, 1772, 2096, 2118, 2132]"
656,"[314, 82459, 1934, 1939, 1946, 85414, 46723, 31193, 81562, 13, 116, 213, 322, 8533, 352, 8622, 507, 575, 581, 635]"
657,"[16, 70, 162, 180, 328, 611, 662, 40, 107, 232, 281, 750, 766, 806, 838, 924, 1036, 5952, 50, 260]"
658,"[5, 100, 229, 345, 501, 523, 534, 556, 574, 616, 665, 741, 866, 918, 940, 986, 1147, 1172, 1199, 1204]"
659,"[111, 2268, 6377, 2302, 1225, 3793, 5989, 53, 86, 178, 264, 290, 309, 347, 392, 632, 633, 673, 714, 766]"
660,"[98615, 90430, 74152, 441, 466, 653, 58047, 140110, 905, 911, 107412, 955, 74727, 148626, 1230, 1244, 1269, 34338, 157296, 1673]"
661,"[1639, 4846, 122900, 21, 162, 106920, 441, 8947, 8970, 49957, 9010, 898, 909, 954, 58299, 994, 115713, 1096, 1147, 1257]"
662,"[16, 1193, 8, 97, 107, 116, 69757, 156, 222, 255, 351, 445, 458, 535, 538, 663, 2739, 762, 778, 806]"
663,"[122904, 26662, 58, 4235, 57504, 106782, 2359, 2363, 2365, 57669, 2455, 115210, 534, 2596, 551, 611, 68237, 53956, 2759, 728]"
664,"[50658, 50742, 50740, 26712, 52767, 7566, 3266, 82, 156, 194, 262, 306, 8530, 74152, 531, 549, 149, 800, 26131, 1797]"
665,"[13, 58, 116, 162, 188, 8530, 531, 82459, 742, 905, 917, 922, 921, 951, 954, 1014, 1132, 1147, 1192, 1212]"
666,"[41, 70, 107, 144, 180, 328, 501, 541, 611, 6787, 662, 745, 778, 806, 838, 1029, 1089, 1148, 1199, 1201]"
667,"[2324, 2360, 6787, 7153, 1221, 1354, 5952, 30749, 2087, 2115, 80, 86, 4235, 149, 156, 8360, 8368, 178, 2321, 290]"
668,"[2058, 2064, 58, 2116, 100, 107, 162, 194, 4308, 2289, 306, 308, 314, 2366, 326, 441, 76251, 2542, 524, 534]"
669,"[357, 2434, 2863, 2947, 6, 216, 232, 314, 8533, 441, 515, 549, 8751, 581, 616, 8910, 728, 838, 899, 909]"
670,"[16, 280, 326, 3072, 3142, 1172, 2064, 24, 30, 58, 55442, 162, 194, 213, 2289, 264, 2318, 290, 2344, 309]"
671,"[122904, 53, 98491, 194, 232, 268, 299, 8530, 431, 556, 632, 850, 905, 918, 115617, 940, 42004, 1131, 1132, 1227]"
