userId,tmdbIds
1,"[11010, 18183, 1607, 10440, 11827, 872, 213, 284, 239, 289, 6620, 31044, 599, 705, 381, 198, 220, 3083, 32574, 18203]"
2,"[8428, 1770, 2323, 814, 174, 10603, 9844, 9715, 35680, 13597, 11336, 34584, 11622, 11355, 16288, 11005, 926, 11176, 840, 5683]"
3,"[13193, 14181, 11004, 4247, 11013, 9358, 338, 9489, 650, 16, 943, 8835, 9532, 10220, 786, 1429, 796, 334, 398, 634]"
4,"[121, 104, 26564, 7453, 1607, 25059, 747, 705, 8356, 15764, 422, 7863, 1726, 3121, 244, 16520, 25232, 3035, 16642, 12220]"
5,"[13685, 12280, 9716, 17917, 1371, 4771, 8961, 9693, 1164, 8321, 1909, 1788, 9058, 10909, 470, 11114, 559, 10525, 9560, 9066]"
6,"[568, 2059, 11778, 657, 10138, 7326, 10681, 3090, 2503, 625, 19995, 14160, 1271, 27205, 1422, 49026, 10633, 10719, 10528, 13475]"
7,"[9308, 9401, 42314, 11319, 9684, 641, 598, 9480, 118340, 764, 70, 16320, 533, 10409, 107, 9824, 752, 16448, 9267, 10549]"
8,"[12158, 9090, 9058, 11238, 1968, 10155, 1257, 18331, 15300, 11355, 1090, 9963, 8873, 10326, 6282, 6844, 152532, 10490, 2788, 272693]"
9,"[1024, 16771, 34444, 8699, 15765, 10467, 15764, 10608, 10161, 1578, 826, 11031, 10322, 9522, 10549, 10806, 1375, 8856, 24525, 9944]"
10,"[47908, 24452, 26578, 17015, 9283, 10149, 1024, 11318, 10452, 34152, 24257, 20239, 10440, 11592, 23210, 11446, 17600, 11208, 32513, 52059]"
11,"[451, 9603, 11934, 935, 5925, 9388, 75612, 140607, 710, 8012, 9273, 577, 11448, 11010, 2054, 10634, 46785, 40154, 2045, 9614]"
12,"[1894, 31526, 11859, 36557, 673, 39953, 558, 2048, 2502, 10447, 259389, 32308, 117629, 30548, 787, 4483, 18129, 8428, 1554, 10404]"
13,"[2300, 9294, 5544, 45317, 45325, 12527, 888, 16453, 31504, 8080, 12777, 68718, 2119, 4942, 65754, 1266, 9913, 1878, 15037, 473]"
14,"[766, 10890, 13597, 34584, 10303, 10328, 10490, 1621, 54825, 2291, 10468, 5491, 698, 2655, 8843, 2609, 1648, 9357, 9663, 8810]"
15,"[35196, 8447, 12520, 33344, 12488, 1580, 21734, 17887, 803, 10988, 9610, 37903, 2000, 34653, 174787, 222935, 1165, 22319, 244267, 11893]"
16,"[755, 8996, 45129, 34584, 13898, 9519, 11354, 15098, 1253, 21488, 55551, 18988, 13636, 24679, 20595, 26195, 2087, 4105, 244268, 10135]"
17,"[12185, 11798, 71883, 15765, 11592, 14694, 31417, 124676, 10174, 20539, 27265, 147538, 10806, 33680, 43266, 11587, 2887, 21873, 2321, 14164]"
18,"[12527, 10149, 11561, 170, 79, 393, 110, 26748, 11382, 6075, 11010, 18183, 2255, 713, 9303, 236, 532, 101, 522, 524]"
19,"[18620, 11826, 27205, 38722, 5879, 31102, 11459, 308, 21334, 678, 24197, 14443, 18417, 47288, 11618, 660, 10397, 1908, 11356, 10560]"
20,"[9660, 31357, 31526, 9536, 9623, 26564, 40894, 27686, 17820, 10879, 39953, 259389, 695, 117629, 30548, 9879, 40206, 71208, 41423, 41636]"
21,"[3035, 2074, 31642, 1770, 145, 5910, 10849, 670, 582, 21, 1985, 93, 46991, 11694, 17654, 8363, 10575, 9480, 3176, 747]"
22,"[10802, 118340, 10525, 4104, 14291, 10683, 8649, 9587, 3293, 2577, 1653, 7978, 20759, 23742, 164, 29427, 58574, 8413, 10351, 1266]"
23,"[43566, 4379, 549, 41326, 55146, 26306, 77223, 33344, 50043, 38509, 9424, 5780, 22256, 21311, 4244, 12599, 63956, 47943, 63639, 39180]"
24,"[103, 117, 153, 817, 1895, 141, 9428, 630, 500, 510, 185, 28, 769, 240, 600, 694, 393, 180, 578, 1422]"
25,"[8986, 2788, 10057, 488, 12092, 15121, 9504, 1630, 9277, 11257, 9361, 8834, 10890, 9281, 586, 1725, 1051, 11050, 13820, 942]"
26,"[7555, 110415, 49040, 15472, 24746, 135397, 810, 70981, 68726, 68724, 1865, 13051, 49444, 76170, 82702, 37472, 10139, 38055, 59440, 823]"
27,"[9320, 11546, 5967, 11895, 1640, 17962, 408, 1018, 616, 4547, 9279, 59387, 8067, 123025, 35680, 37975, 255546, 297645, 86369, 372981]"
28,"[108, 3035, 11779, 24226, 891, 577, 10634, 16388, 76, 22625, 1909, 13701, 12527, 1640, 2758, 6075, 7984, 9066, 1592, 9303]"
29,"[680, 274, 601, 600, 137, 14, 243, 153, 902, 807, 628, 278, 9905, 13, 8699, 329, 424, 78, 319, 812]"
30,"[880, 775, 8973, 9516, 15300, 31997, 8416, 28978, 25364, 1619, 17006, 10110, 11454, 44379, 13403, 24936, 269, 27094, 37903, 25468]"
31,"[76726, 102899, 16538, 16614, 41630, 796, 10661, 1724, 206216, 55931, 22311, 8271, 64688, 109414, 68721, 8373, 238615, 32823, 41154, 70981]"
32,"[2280, 168, 4011, 8195, 1933, 9398, 860, 567, 6957, 926, 2323, 11967, 9434, 2024, 786, 1726, 5548, 1701, 330, 36658]"
33,"[37512, 33560, 32085, 281957, 2074, 7278, 35395, 8220, 13073, 152601, 26408, 13702, 27816, 27815, 9981, 1435, 33583, 13318, 3085, 44497]"
34,"[582, 17889, 93, 5723, 31442, 19155, 3515, 10660, 13815, 9516, 16131, 52059, 31546, 36266, 132641, 101230, 28288, 8356, 17281, 11076]"
35,"[949, 524, 9737, 11780, 414, 6950, 32636, 9331, 11969, 163, 38223, 11076, 1770, 9591, 41843, 49471, 819, 31530, 409, 10155]"
36,"[4518, 8193, 5967, 26520, 1640, 10606, 9571, 43004, 14652, 11687, 126148, 963, 7862, 488, 11216, 1600, 947, 766, 1398, 387]"
37,"[10329, 8984, 306, 9593, 981, 804, 220, 475, 11202, 10774, 14295, 9087, 12665, 2054, 9208, 1572, 6520, 1642, 9804, 397]"
38,"[2486, 922, 32657, 33740, 242512, 23172, 49706, 12246, 9927, 227348, 51052, 27337, 638, 501, 40619, 13191, 44260, 692, 10665, 9426]"
39,"[8367, 5548, 5, 99040, 28387, 809, 36834, 10531, 11593, 109, 9472, 11382, 11041, 19185, 26391, 21450, 9300, 10445, 23210, 11446]"
40,"[264644, 7191, 12437, 9472, 76025, 246741, 20526, 4553, 37958, 921, 110415, 11113, 22975, 703, 343, 74, 14301, 9361, 4942, 10890]"
41,"[10896, 12160, 1677, 983, 31908, 9440, 10683, 14628, 88875, 25934, 14280, 29478, 1908, 16, 269, 466, 28257, 45938, 4599, 38722]"
42,"[1024, 11777, 872, 770, 11386, 11031, 4942, 10340, 286217, 83666, 72190, 10590, 88005, 146233, 8273, 3034, 935, 8469, 850, 103]"
43,"[10858, 17015, 1630, 311, 9366, 20862, 19, 10223, 3035, 1443, 1360, 829, 455, 18420, 9322, 2320, 567, 577, 240, 935]"
44,"[595, 11236, 8839, 9354, 10144, 11359, 9631, 17159, 2293, 8193, 19357, 11017, 2109, 6280, 17465, 9372, 5825, 10312, 9396, 18658]"
45,"[3133, 26748, 238, 11561, 510, 1092, 240, 343, 1480, 829, 11202, 653, 578, 686, 586, 3116, 574, 961, 5156, 777]"
46,"[85, 13475, 585, 1491, 61791, 9603, 9536, 9614, 36557, 10741, 809, 387893, 2048, 424, 274, 411, 954, 60437, 787, 177572]"
47,"[168, 9354, 36557, 673, 2657, 11545, 8011, 2048, 14291, 1933, 10193, 10681, 1584, 2280, 10588, 213, 289, 272, 8367, 14160]"
48,"[14181, 22975, 19155, 132641, 101230, 6620, 3529, 260, 10765, 1092, 9277, 3063, 212, 118991, 18355, 45153, 12655, 1051, 746, 11485]"
49,"[60994, 25010, 5279, 26441, 11010, 4482, 36557, 20649, 19155, 236, 2788, 10436, 12475, 7007, 12519, 26408, 37345, 36266, 132641, 19004]"
50,"[4011, 926, 620, 13597, 168, 36658, 616, 563, 8009, 106, 5548, 1895, 583, 762, 1813, 1893, 272, 1366, 296, 98]"
51,"[11359, 10537, 9745, 15556, 8224, 9383, 12665, 36955, 329, 40724, 812, 280, 408, 10020, 10895, 1592, 10801, 43752, 3595, 12123]"
52,"[12206, 45578, 4175, 13373, 10141, 25628, 26030, 13909, 1956, 24192, 11657, 23152, 47168, 12310, 435, 136, 3515, 11247, 31642, 2577]"
53,"[15, 947, 387, 829, 903, 9631, 11010, 2054, 40154, 1640, 2048, 713, 395, 26748, 872, 213, 239, 289, 963, 770]"
54,"[11860, 9087, 271110, 10530, 577, 119431, 12437, 31611, 2179, 2064, 152601, 19176, 11566, 228150, 8952, 408, 44129, 26486, 13416, 15566]"
55,"[9312, 755, 2293, 8193, 11017, 9372, 6075, 11827, 9401, 864, 12092, 1633, 9279, 4233, 9913, 11808, 9340, 10249, 2109, 1885]"
56,"[17894, 15171, 2185, 13510, 32308, 17281, 31102, 11114, 12335, 276, 11673, 1968, 11419, 31220, 22777, 65157, 11158, 13764, 40867, 16112]"
57,"[12527, 17447, 4481, 17204, 17015, 9283, 36557, 2074, 649, 15730, 527, 110, 1607, 26271, 34024, 21450, 32562, 50247, 254, 47333]"
58,"[40154, 13697, 11393, 26578, 28569, 42232, 113279, 29263, 11860, 12665, 902, 688, 11780, 18402, 9560, 11929, 10525, 1024, 18183, 8438]"
59,"[4539, 10147, 9401, 42314, 11302, 13446, 7863, 68924, 2895, 501, 9440, 466, 10849, 1091, 9502, 247, 967, 147, 14242, 293]"
60,"[38955, 10176, 9460, 10974, 29015, 5723, 12500, 25682, 26535, 19267, 9081, 11563, 14757, 3040, 1059, 5544, 4584, 15371, 36557, 31442]"
61,"[8953, 38142, 14696, 26769, 7342, 24190, 10780, 17600, 9323, 16804, 11985, 10723, 32574, 11302, 14793, 11235, 1480, 9403, 895, 31304]"
62,"[31526, 39953, 259389, 117629, 30548, 12155, 71208, 2322, 41423, 41636, 19654, 40205, 23427, 32633, 146778, 77583, 36041, 29063, 185768, 60850]"
63,"[2661, 1535, 6844, 435, 19155, 116, 10112, 2300, 1677, 132641, 101230, 288, 21539, 49026, 31374, 31378, 9366, 9403, 118991, 18355]"
64,"[510, 600, 2619, 103, 8973, 52856, 22625, 1909, 1024, 11318, 12106, 2502, 10909, 10502, 1245, 695, 153, 564, 401, 8840]"
65,"[31225, 422, 2895, 887, 11335, 10882, 1888, 18971, 940, 18169, 9466, 4593, 12220, 8592, 10539, 10490, 967, 802, 147, 10776]"
66,"[13685, 15876, 24559, 10226, 705, 39940, 173, 10548, 11455, 3090, 168535, 74239, 17991, 10603, 10890, 11568, 9443, 9442, 31995, 54102]"
67,"[12527, 16771, 9102, 2086, 45938, 649, 4599, 87729, 3586, 108, 109, 10497, 10997, 2259, 18133, 43535, 41316, 10988, 36915, 4379]"
68,"[1535, 1630, 11843, 11336, 15556, 11873, 332, 11120, 10396, 12220, 9481, 24226, 11005, 10397, 8293, 9532, 31610, 681, 13704, 227]"
69,"[2925, 9536, 9623, 11062, 435, 9058, 26391, 1245, 44264, 10184, 9826, 953, 21711, 11386, 10608, 892, 11645, 311, 982, 288]"
70,"[10329, 19101, 238, 630, 621, 597, 544, 857, 9487, 141489, 863, 10530, 11525, 103, 110972, 8512, 809, 18402, 9058, 101]"
71,"[807, 346, 862, 524, 4584, 63, 9598, 197, 2074, 20649, 26564, 9071, 11593, 712, 8587, 12280, 16771, 9571, 329]"
72,"[11386, 902, 26564, 9905, 695, 10331, 10537, 1630, 892, 18129, 1412, 18971, 814, 1598, 9366, 13820, 10162, 244, 11779, 10669]"
73,"[17898, 221861, 527, 63066, 18299, 14136, 1600, 10174, 27292, 28966, 16249, 10489, 12684, 543, 32628, 33078, 32600, 36208, 43368, 452]"
74,"[702, 10342, 11016, 10774, 27793, 6280, 8011, 16771, 4916, 10872, 26408, 11876, 163, 981, 2769, 164, 284, 963, 6620, 804]"
75,"[9502, 19995, 206216, 7191, 8973, 8321, 152601, 10586, 24913, 49026, 12122, 15037, 9314, 9540, 2275, 10342, 11377, 38050, 18222, 10400]"
76,"[10858, 8012, 9598, 9603, 9382, 22625, 522, 4476, 241, 12527, 3049, 10731, 12280, 37233, 5503, 2019, 9386, 7984, 9800, 8005]"
77,"[1771, 20759, 16605, 909, 12335, 10948, 783, 14301, 8818, 18094, 19833, 9455, 16520, 16995, 10206, 9960, 11654, 10393, 103731, 9995]"
78,"[10363, 229, 3309, 851, 10326, 4484, 984, 150, 2260, 11832, 5000, 11194, 669, 1579, 8973, 71883, 3586, 110, 18215, 6]"
79,"[253941, 12222, 8681, 10158, 5683, 186, 9016, 9906, 22824, 7191, 44264, 10555, 5255, 8065, 1266, 3050, 18823, 97020, 8645, 1724]"
80,"[2667, 9737, 10474, 10149, 10451, 13701, 9393, 10427, 2259, 2502, 9516, 19051, 23210, 9323, 26748, 31102, 24795, 272, 11238, 601]"
81,"[11562, 42232, 9081, 10178, 76, 11939, 10427, 6, 1904, 4307, 20759, 198, 13562, 260, 14285, 24807, 288, 10322, 55936, 11400]"
82,"[1895, 38, 70, 15144, 634, 8973, 2109, 1542, 2502, 796, 11355, 9451, 401, 1538, 1933, 9032, 813, 9428, 5548, 1621]"
83,"[34636, 17414, 10874, 1775, 11546, 9382, 6280, 9587, 20239, 2625, 24405, 7978, 10280, 11511, 953, 3587, 10907, 1712, 1770, 9401]"
84,"[18491, 22311, 157353, 15137, 102651, 112205, 225574, 102382, 9054, 35115, 61536, 65889, 108401, 547, 6116, 215373, 2887, 15969, 32613, 9456]"
85,"[1366, 296, 12651, 2048, 2502, 401, 935, 2928, 9281, 184, 846, 4011, 117, 813, 5548, 1621, 36643, 926, 1213, 641]"
86,"[22660, 145, 8741, 70, 9344, 32562, 1538, 41852, 10779, 92381, 164, 6620, 18299, 260, 11645, 10835, 828, 10404, 15143, 9819]"
87,"[3121, 8741, 47018, 50797, 23333, 24257, 7984, 9300, 10445, 23210, 872, 567, 15, 10331, 10705, 311, 703, 387, 37247, 829]"
88,"[1581, 8669, 1164, 44214, 37512, 33560, 9283, 35395, 8220, 1607, 13702, 27816, 27815, 33583, 8618, 13318, 7985, 44497, 383, 33257]"
89,"[58574, 4638, 9502, 23483, 13183, 2085, 4247, 12162, 17654, 9398, 1571, 137113, 4547, 667, 24428, 57158, 102899, 7191, 293660, 435]"
90,"[10377, 243, 577, 2293, 9571, 10872, 14291, 872, 13528, 15, 381, 1585, 11159, 10608, 18129, 10161, 947, 311, 1578, 9549]"
91,"[770, 1585, 9591, 571, 6415, 49530, 9571, 245891, 228150, 32657, 11386, 595, 703, 9277, 37247, 826, 829, 982, 625, 642]"
92,"[10474, 649, 20649, 21450, 401, 9323, 176, 26748, 872, 239, 963, 260, 1630, 1103, 7452, 18129, 1578, 703, 11031, 794]"
93,"[435, 32636, 3053, 13644, 18701, 13949, 32657, 16605, 28288, 32574, 10174, 15143, 14301, 31908, 12628, 11975, 34106, 15389, 14784, 16614]"
94,"[253941, 12222, 49040, 14784, 131631, 1738, 135397, 75612, 1865, 49444, 76170, 122906, 7737, 13053, 9928, 2270, 97020, 42658, 60935, 168672]"
95,"[963, 10592, 10427, 9516, 11236, 9323, 953, 213, 4808, 15, 22292, 3085, 2897, 900, 11159, 702, 9549, 1398, 11235, 37247]"
96,"[246, 678, 3035, 18228, 269, 32847, 400, 9587, 16771, 576, 4307, 8356, 17281, 173, 31530, 10835, 4485, 1598, 8744, 55936]"
97,"[1599, 13370, 14306, 5038, 26769, 7342, 10723, 804, 8356, 1712, 12614, 4942, 8292, 10633, 15389, 9029, 25330, 314407, 50348, 16520]"
98,"[10521, 11363, 10765, 82682, 9772, 3594, 11426, 859, 286217, 5528, 269149, 147773, 59436, 22947, 88273, 561, 5544, 17015, 11010, 11359]"
99,"[32047, 13685, 23333, 436, 50247, 1677, 13193, 28268, 15143, 41391, 27191, 12527, 48831, 42449, 33324, 26648, 11893, 10002, 11532, 13818]"
100,"[630, 15171, 4011, 117, 26564, 2293, 10377, 11395, 9326, 170, 296, 100, 14291, 850, 14, 79, 1832, 500, 11287, 9665]"
101,"[293660, 106646, 36668, 1576, 210577, 1402, 50014, 2023, 45269, 163, 49026, 137113, 68718, 120467, 10191, 44214, 22538, 4922, 650, 152532]"
102,"[10379, 1398, 14908, 28978, 821, 25736, 626, 10607, 775, 14819, 888, 9981, 22733, 30892, 1600, 36040, 49806, 64802, 9411, 127864]"
103,"[35196, 577, 11010, 880, 16388, 10474, 20649, 15730, 10149, 31174, 13701, 18183, 11318, 14334, 116, 8321, 46797, 18215, 34444]"
104,"[245891, 9535, 59962, 107985, 37834, 122906, 1574, 64688, 1213, 83666, 21032, 13252, 197033, 11282, 167581, 2454, 123678, 16996, 52067, 10025]"
105,"[10138, 119431, 19176, 25248, 75761, 7233, 9416, 13922, 156078, 1387, 13533, 11332, 18074, 17610, 119675, 4486, 2616, 19905, 14940, 24420]"
106,"[9087, 10521, 140420, 11382, 16453, 244268, 27307, 14291, 1653, 13362, 921, 2287, 51739, 11645, 10705, 1578, 379, 1633, 783, 2322]"
107,"[4584, 9598, 687, 9603, 712, 11566, 9800, 713, 858, 78, 251, 408, 114, 664, 213, 289, 630, 15, 62, 433]"
108,"[10340, 12230, 32325, 2657, 141, 289, 500, 28, 11003, 1597, 9552, 510, 11224, 10674, 1573, 8358, 77, 380, 9377, 567]"
109,"[402, 15121, 510, 2118, 289, 567, 11450, 389, 213, 11010, 18183, 598, 306, 11971, 858, 9535, 712, 240, 3036, 1945]"
110,"[11041, 9434, 1408, 26564, 8512, 9271, 14522, 26203, 10447, 8291, 7007, 11282, 10830, 567, 1585, 10218, 9504, 10161, 389, 311]"
111,"[11167, 68718, 9779, 22356, 13446, 13891, 72987, 33194, 16869, 8333, 10971, 29786, 8348, 10401, 4192, 39266, 9062, 21876, 21468, 12481]"
112,"[9487, 27768, 585, 863, 769, 489, 544, 2108, 941, 10858, 17015, 37557, 10144, 97, 4482, 400, 11814, 2086, 15171, 103]"
113,"[862, 11359, 9073, 19101, 13, 8587, 306, 10442, 9327, 710, 5, 9273, 16420, 17015, 9603, 31526, 17414, 10874, 197, 11066]"
114,"[585, 9354, 9325, 10144, 10693, 16388, 117, 809, 10149, 1024, 9487, 9447, 11382, 1934, 15745, 22, 1542, 10895, 9032, 2105]"
115,"[199, 11860, 11359, 15171, 2567, 19913, 7453, 9576, 8321, 10223, 8835, 9602, 1634, 37799, 17654, 4553, 10778, 3176, 37094, 9078]"
116,"[6977, 902, 11635, 4638, 97, 755, 1280, 435, 2832, 9062, 9502, 36685, 1073, 10193, 2034, 10719, 14160, 11178, 426, 6957]"
117,"[44826, 33324, 1213, 11917, 22804, 661, 451, 63, 9603, 31526, 8512, 1572, 11546, 42658, 2292, 60935, 241, 6950, 2164, 594]"
118,"[9586, 23518, 4547, 205, 455, 36265, 34152, 10427, 17600, 411, 11128, 16358, 9675, 52059, 17281, 42314, 1554, 145, 14905, 5910]"
119,"[5723, 10452, 501, 14628, 28597, 1443, 25364, 1985, 10873, 2623, 2575, 10653, 17654, 31064, 37257, 32961, 787, 1360, 35172, 29425]"
120,"[13685, 655, 33667, 14347, 11933, 14742, 31342, 11037, 49519, 14035, 11379, 350, 10590, 9718, 9506, 7345, 123056, 11324, 6844, 16288]"
121,"[598, 322, 28387, 2074, 649, 8193, 22067, 11667, 1640, 32644, 161158, 23637, 28121, 35797, 105045, 10990, 935, 9826, 176]"
122,"[34444, 15765, 10467, 15764, 26561, 11778, 10322, 10806, 17589, 403, 13697, 24525, 9531, 11498, 9300, 27104, 40694, 23655, 47585, 25461]"
123,"[11381, 8866, 15660, 8844, 15602, 9598, 139405, 103, 110972, 7873, 16617, 1024, 3515, 9472, 36955, 9024, 2625, 10442, 24405, 812]"
124,"[9312, 36685, 11645, 756, 814, 217, 177, 8840, 34615, 11527, 947, 2059, 330, 97, 8077, 1648, 8741, 10386, 152, 157]"
125,"[422, 10427, 26271, 67, 97989, 16358, 12456, 75964, 8461, 276, 54405, 46838, 15143, 4942, 21135, 9444, 5206, 44345, 13090, 10668]"
126,"[36557, 694, 1726, 4011, 10681, 492, 926, 14160, 10193, 1894, 1574, 1584, 860, 187, 1895, 36658, 2280, 180, 5548, 106]"
127,"[12110, 19357, 17465, 2657, 10660, 10312, 9671, 558, 16297, 9499, 9024, 59930, 31504, 47333, 9099, 11107, 913, 2280, 10398, 10546]"
128,"[47018, 12280, 10440, 10549, 1552, 10128, 1830, 2749, 4147, 10528, 258489, 12110, 11929, 17207, 18713, 38722, 161495, 14522, 11231, 11446]"
129,"[713, 78, 275, 426, 567, 289, 630, 62, 510, 185, 595, 28, 769, 539, 525, 279, 387, 37247, 826, 829]"
130,"[576, 4485, 16081, 11876, 983, 10427, 10644, 8818, 36040, 22318, 26618, 16885, 5156, 9609, 15723, 23949, 81, 118340, 1939, 11532]"
131,"[688, 3121, 9087, 4584, 47018, 16388, 10531, 10451, 397, 13701, 18183, 4476, 11593, 39310, 527, 46797, 3515, 8981, 11382, 10731]"
132,"[16859, 11645, 9452, 29371, 9697, 548, 12487, 2011, 9664, 25602, 35196, 11448, 99040, 10178, 14069, 50797, 1024, 12527, 46797, 11382]"
133,"[19185, 8011, 10440, 11302, 34106, 5961, 3489, 7978, 4512, 3580, 7555, 1267, 44912, 27576, 13253, 23827, 244267, 10744, 3021, 10849]"
134,"[25562, 12138, 10200, 42580, 11858, 89492, 1712, 30500, 16980, 9314, 1580, 47964, 1618, 11418, 141489, 10390, 117263, 11296, 10784, 10564]"
135,"[902, 2292, 278, 9905, 695, 9323, 238, 272, 583, 500, 762, 185, 600, 694, 765, 7340, 184, 115, 1878, 73]"
136,"[1844, 2069, 2655, 1571, 1491, 1535, 9705, 2123, 4108, 2112, 855, 23333, 20239, 15876, 864, 38251, 30180, 36943, 31995, 33194]"
137,"[17414, 22625, 1909, 10464, 31642, 2625, 24405, 3587, 11159, 4481, 1480, 8428, 15143, 11449, 24913, 17692, 9522, 197537, 26180, 9715]"
138,"[20453, 6620, 3529, 260, 173, 1092, 3063, 14301, 834, 37853, 8271, 3082, 559, 298, 2755, 6615, 470, 9620, 9509, 41733]"
139,"[10474, 1653, 3078, 6620, 612, 212, 8393, 26618, 9422, 11779, 10400, 1443, 9040, 103731, 1089, 30969, 59, 10575, 9358, 118340]"
140,"[76341, 11860, 140607, 9091, 524, 687, 9536, 20927, 11062, 47475, 2045, 9101, 9302, 49530, 152601, 2320, 44264, 275, 36355, 935]"
141,"[103, 15789, 11934, 713, 289, 15, 1585, 623, 947, 279, 9665, 829, 11778, 33, 639, 9281, 403, 942, 2454, 13466]"
142,"[29154, 11353, 10386, 221, 177, 12230, 11545, 594, 10440, 1538, 8080, 12777, 22660, 9504, 10548, 17204, 2163, 11485, 10849, 15969]"
143,"[8321, 220, 60994, 4964, 13885, 76341, 7551, 20649, 19155, 3515, 10660, 152601, 8699, 23210, 1904, 395, 11208, 1247, 3989, 4553]"
144,"[36643, 10340, 12230, 4011, 117, 604, 12651, 296, 2246, 935, 9428, 1621, 6878, 88, 926, 9869, 756, 2322, 9434, 1551]"
145,"[11017, 10612, 9078, 2666, 15602, 9691, 2619, 19760, 10428, 18402, 22625, 2109, 10340, 9654, 12230, 2657, 12651, 3586, 10464, 888]"
146,"[11970, 12230, 15, 30197, 11153, 37853, 1880, 10393, 17159, 9942, 320, 7270, 9470, 37136, 1817, 9040, 829, 11010, 470, 287]"
147,"[1581, 628, 8321, 11382, 110414, 231, 5544, 10858, 9273, 8012, 4497, 11448, 16391, 1024, 594, 236, 152601, 6075, 80, 695]"
148,"[13685, 28257, 9024, 68718, 17281, 2897, 422, 12709, 5961, 15171, 46889, 10191, 23483, 1567, 16869, 47951, 9343, 42087, 17908, 593]"
149,"[31642, 6, 896, 52059, 36266, 1382, 10404, 17204, 11051, 24197, 11532, 10015, 20595, 60994, 56235, 8052, 14484, 22267, 42739]"
150,"[49047, 244786, 50014, 12163, 264660, 44115, 44214, 10138, 2252, 914, 308, 11532, 622, 1985, 68721, 77332, 16, 18734, 1391, 35694]"
151,"[194, 289, 36643, 28, 240, 9341, 77, 604, 73, 4518, 12651, 170, 296, 1542, 2502, 100, 31503, 1641, 153, 104]"
152,"[87078, 10440, 922, 7452, 653, 10155, 27103, 11855, 1946, 47620, 575, 146233, 5511, 10683, 1090, 8845, 10357, 11532, 55931, 11068]"
153,"[17961, 241, 527, 10612, 954, 866, 220, 454, 10218, 252, 744, 2756, 389, 1398, 765, 617, 17661, 1366, 10162, 9489]"
154,"[11934, 1710, 9312, 577, 11010, 880, 13685, 103, 26564, 9482, 1909, 522, 628, 11318, 38722, 40156, 11450, 11382, 9495, 12280]"
155,"[10162, 1024, 11318, 6075, 14291, 26748, 288, 10217, 11319, 2107, 396, 10681, 13342, 533, 118340, 19995, 1422, 608, 11360, 15121]"
156,"[16388, 680, 11450, 278, 424, 581, 274, 85, 679, 595, 639, 9552, 10144, 8130, 861, 2005, 10559, 9285, 4327, 9741]"
157,"[613, 10596, 13944, 2309, 11318, 12101, 9314, 47964, 9267, 10366, 68728, 2162, 72710, 985, 14536, 340, 82700, 8814, 20856, 11370]"
158,"[33511, 1599, 10179, 12703, 1548, 9428, 21921, 16471, 10707, 6615, 3782, 153, 300, 427, 28963, 41089, 5236, 598, 8512, 10451]"
159,"[804, 260, 21711, 466, 1859, 13685, 2769, 3086, 28257, 68924, 9504, 11235, 10549, 42121, 288, 521, 891, 12280, 16097, 41852]"
160,"[4916, 66, 332, 11601, 12665, 9312, 9536, 10534, 11062, 57834, 15765, 254, 10684, 11867, 10547, 9826, 9879, 1677, 10546, 22356]"
161,"[17015, 47333, 1770, 10705, 756, 11674, 9281, 11704, 4011, 9849, 11527, 957, 926, 11087, 9869, 2503, 608, 12160, 5548, 10684]"
162,"[11934, 623, 1578, 207, 37247, 816, 4995, 11318, 40156, 278, 1587, 11382, 2758, 558, 78, 11446, 401, 935, 238, 872]"
163,"[311, 963, 475, 1578, 9277, 696, 625, 9366, 1051, 859, 1779, 10403, 12560, 244, 826, 703, 387, 37247, 829, 982]"
164,"[21711, 13685, 16771, 26408, 13562, 1712, 260, 3090, 16633, 31908, 55306, 5769, 13697, 11963, 16642, 11787, 29005, 42232, 11615, 10315]"
165,"[9071, 653, 34689, 228, 8439, 80, 34544, 20504, 1480, 790, 10174, 9529, 11495, 8373, 2046, 16307, 17898, 22824, 20312, 16219]"
166,"[1607, 10612, 7984, 1245, 11236, 3989, 4808, 11386, 11816, 18971, 11449, 10217, 501, 473, 11426, 192, 9289, 2291, 10687, 10876]"
167,"[17414, 9073, 24070, 95963, 10112, 25087, 9306, 872, 11113, 770, 15, 6878, 81310, 11114, 10948, 819, 11386, 571, 2928, 8860]"
168,"[1092, 914, 8193, 1640, 747, 3078, 284, 599, 303, 260, 221, 11216, 1578, 387, 1480, 3090, 3063, 212, 29193, 1389]"
169,"[9738, 185008, 362045, 10195, 9378, 62177, 13042, 138122, 253941, 116745, 14836, 13455, 82654, 3989, 3053, 13644, 18701, 7461, 8204, 13949]"
170,"[10428, 6, 9401, 51863, 4824, 4233, 11702, 47881, 10657, 10220, 8195, 4518, 9684, 4133, 24019, 10909, 72031, 10660, 8831, 178]"
171,"[13685, 110, 9359, 981, 963, 62, 3085, 11645, 10835, 10705, 8009, 3179, 16980, 907, 845, 10683, 244, 5156, 624, 901]"
172,"[11511, 991, 11319, 16155, 17414, 13997, 9095, 35976, 34636, 4985, 11162, 9073, 12088, 19155, 11933, 43329, 5923, 25723, 32326, 39310]"
173,"[10525, 11381, 11971, 10882, 9989, 141, 194, 1710, 17015, 103, 22625, 43742, 8986, 9905, 2759, 10660, 46094, 6075, 11310, 9024]"
174,"[756, 31357, 2292, 9571, 408, 411, 1592, 10539, 11113, 433, 11360, 11114, 814, 377, 11970, 607, 6116, 17917, 196, 3170]"
175,"[13475, 10234, 32562, 5801, 922, 11184, 32657, 68718, 276, 49026, 4415, 17539, 2670, 110414, 24525, 11283, 28519, 2841, 20283, 18785]"
176,"[626, 276, 1619, 16407, 49636, 1690, 23631, 548, 12429, 91487, 121793, 206216, 7342, 10723, 8292, 77987, 11595, 14671, 26769, 55465]"
177,"[9372, 164, 910, 10890, 9574, 24808, 657, 1621, 14160, 533, 423, 21032, 48750, 36557, 26564, 14069, 2789, 1777, 10440, 23210]"
178,"[26408, 9716, 15764, 2639, 8197, 3121, 3033, 9289, 990, 13776, 11589, 12429, 24226, 10835, 11562, 476, 281957, 86829, 31044, 21711]"
179,"[5175, 10521, 9208, 12437, 228150, 20526, 1904, 532, 44826, 9294, 32657, 13967, 12155, 626, 9687, 18727, 1266, 834, 34584, 11621]"
180,"[10144, 809, 1640, 8699, 402, 5925, 756, 2898, 1366, 453, 808, 941, 9798, 36685, 117, 9869, 33, 935, 9359, 571]"
181,"[1779, 9598, 634, 9509, 14160, 129, 7299, 5915, 435, 12626, 397, 11777, 1955, 244, 8321, 236, 9502, 26408, 4543, 1653]"
182,"[558, 6283, 32302, 2898, 9715, 12230, 11639, 801, 11011, 10988, 40001, 3053, 9806, 26748, 11962, 8356, 11224, 11360, 10537, 11778]"
183,"[5544, 10858, 17015, 99040, 31526, 4507, 8588, 47608, 36834, 19155, 39310, 47653, 116, 34152, 25783, 39953, 259389, 26408, 197033, 117629]"
184,"[401, 598, 8512, 8193, 1640, 7007, 935, 221, 311, 11202, 914, 756, 16448, 586, 12102, 10340, 12230, 4011, 2028, 10403]"
185,"[16642, 157336, 205, 35196, 27526, 880, 15730, 10149, 8981, 18215, 34444, 23210, 9607, 14836, 17600, 395, 68718, 9401, 10548, 38251]"
186,"[284, 630, 15, 264660, 11561, 892, 387, 37247, 184, 2108, 51876, 30197, 3121, 36685, 840, 5723, 140607, 99861, 293660, 902]"
187,"[17414, 9073, 22317, 2625, 24405, 10280, 3587, 8860, 197537, 142061, 18519, 25723, 9441, 21832, 11327, 6521, 19490, 15137, 22051, 647]"
188,"[10858, 594, 9559, 981, 2769, 909, 770, 8356, 1712, 12614, 21711, 10537, 11816, 8428, 212, 783, 794, 184, 13597, 97]"
189,"[1665, 4995, 10133, 16934, 10474, 7342, 9344, 10149, 161158, 23637, 35797, 105045, 124306, 35206, 116690, 22479, 10723, 3078, 284]"
190,"[2755, 15602, 17447, 18183, 40156, 236, 12206, 713, 11446, 47333, 1592, 9304, 9802, 9294, 981, 872, 239, 289, 770, 15]"
191,"[2502, 153, 9377, 9428, 1213, 240, 27205, 184, 786, 1597, 598, 1366, 134, 1900, 155, 235, 510, 544, 4995, 28]"
192,"[12230, 11448, 10534, 11062, 9302, 10149, 52856, 14334, 16297, 9024, 695, 31504, 25059, 10990, 9826, 26748, 426, 239, 289, 11113]"
193,"[21915, 11522, 8130, 9091, 5, 9312, 20927, 10534, 12158, 11062, 110972, 16388, 9090, 11777, 11593, 18220, 2788, 12160, 9409, 178]"
194,"[8358, 380, 194, 10249, 11010, 11448, 9302, 847, 18402, 2109, 11929, 43742, 170, 9671, 10314, 41590, 1933, 6488, 2300, 10547]"
195,"[21589, 21641, 62676, 10239, 24128, 36773, 47302, 49929, 13482, 25905, 12502, 37257, 2755, 44164, 43028, 42459, 18148, 5168, 37672, 234]"
196,"[1365, 59387, 700, 12665, 13193, 11546, 9472, 46094, 10895, 164, 26378, 261, 10537, 279, 703, 9642, 828, 33, 4104, 16448]"
197,"[2925, 752, 1557, 842, 667, 187, 2789, 9472, 1538, 9323, 22292, 6878, 11224, 454, 11455, 10705, 9642, 16633, 15143, 12498]"
198,"[490, 8078, 1091, 11234, 23518, 28257, 9283, 13685, 16388, 10149, 628, 1945, 10731, 23333, 2788, 9739, 37233, 10442, 26890, 9308]"
199,"[18203, 11360, 16448, 9452, 859, 4978, 5279, 9066, 9267, 521, 10705, 892, 343, 10549, 11541, 10608, 10395, 10872, 27768, 922]"
200,"[11159, 10155, 9426, 11778, 33, 1090, 7347, 1700, 9587, 11318, 7984, 97630, 11134, 1961, 22292, 9366, 2142, 26610, 109421, 2107]"
201,"[140420, 2769, 770, 705, 22292, 220, 2897, 1585, 488, 9401, 9927, 9504, 10765, 892, 51739, 9549, 343, 18971, 149, 914]"
202,"[1577, 9289, 25010, 24748, 11864, 902, 12651, 50839, 34152, 9409, 16771, 9571, 13203, 88794, 44129, 26486, 3989, 10547, 15566, 12184]"
203,"[577, 568, 1572, 114, 9603, 8512, 10428, 3049, 854, 37233, 788, 713, 858, 771, 251, 812, 581, 10020, 954, 11101]"
204,"[22596, 31623, 67217, 34847, 221861, 39871, 36265, 136, 701, 15244, 24559, 22871, 27375, 63066, 42694, 10226, 992, 42359, 31411, 18771]"
205,"[9504, 32305, 84199, 340, 548, 4566, 50348, 21334, 1865, 167581, 197033, 8848, 13198, 409, 844, 8069, 19311, 9294, 819, 828]"
206,"[9372, 11302, 975, 102304, 11976, 940, 16384, 10156, 10490, 10136, 11054, 11562, 11040, 29005, 1552, 5683, 6978, 1548, 393, 11545]"
207,"[9559, 857, 603, 18487, 10858, 63, 9603, 807, 13685, 2045, 71754, 37975, 568, 11, 278, 13, 10660, 854, 12280, 2246]"
208,"[80379, 1710, 9312, 6280, 273481, 16453, 228150, 264644, 29427, 1578, 25623, 85533, 4550, 15472, 87818, 13258, 79896, 77338, 76726, 1955]"
209,"[12110, 1408, 11359, 755, 20927, 2086, 47475, 197, 9271, 10464, 10988, 36355, 1895, 176, 11306, 11229, 11412, 28, 218, 207]"
210,"[9571, 2048, 411, 2059, 3078, 787, 6620, 212, 74, 1726, 4638, 11704, 8393, 10162, 1271, 10681, 704, 5683, 9040, 1830]"
211,"[9089, 11561, 18129, 696, 3116, 2112, 18254, 2671, 47018, 8447, 10874, 10474, 30157, 649, 20649, 10149, 281, 50797, 10531, 13701]"
212,"[4909, 3309, 45129, 31685, 10744, 1392, 10183, 49047, 16636, 9692, 24735, 2768, 10128, 209112, 36947, 244267, 11457, 26580, 16153, 2287]"
213,"[1774, 14282, 49636, 9316, 10988, 10351, 10495, 11153, 9599, 9493, 249, 22536, 43261, 29425, 193756, 1987, 64689, 10135, 10940, 7555]"
214,"[2567, 652, 9089, 13685, 435, 116, 31642, 26271, 2246, 10467, 411, 1677, 260, 40206, 42314, 11112, 4481, 13446, 11673, 12709]"
215,"[9382, 25010, 17015, 649, 10149, 22625, 10451, 8981, 23210, 576, 8069, 27768, 1653, 1554, 29193, 9844, 805, 1890, 3033, 844]"
216,"[281, 1024, 152601, 1904, 11324, 4553, 2059, 953, 921, 612, 70160, 14922, 297, 46435, 8374, 13377, 4816, 18785, 9679, 12706]"
217,"[311, 118340, 119431, 8981, 44129, 11282, 26486, 15566, 36648, 15357, 13460, 11360, 25248, 88, 75761, 1412, 1578, 379, 11778, 11257]"
218,"[11235, 13982, 14905, 10015, 3035, 10911, 643, 10778, 11229, 26617, 396, 1817, 310, 7270, 9693, 36557, 435, 10027, 176, 953]"
219,"[4824, 4248, 6, 10467, 23210, 20759, 3078, 804, 23114, 9401, 22660, 11159, 475, 9504, 10161, 18971, 74, 288, 10322, 11257]"
220,"[17015, 20927, 9090, 7453, 16295, 47333, 33245, 18299, 31530, 31908, 16084, 26648, 13850, 22796, 9524, 9465, 11326, 2731, 26149, 13531]"
221,"[310, 12, 1089, 8224, 5175, 9032, 818, 11975, 6068, 15037, 1493, 2018, 11017, 9475, 13597, 4147, 3981, 10003, 163, 9480]"
222,"[27768, 9716, 814, 907, 11230, 9595, 10856, 31442, 246, 17645, 13696, 16771, 24559, 9559, 896, 13644, 18701, 4553, 16131, 13949]"
223,"[279, 37247, 642, 152, 2322, 9434, 2898, 857, 2667, 12618, 11498, 77, 120, 8512, 4476, 24070, 38722, 2019, 7984, 401]"
224,"[935, 539, 240, 621, 8741, 140897, 541, 8512, 34574, 9090, 36141, 10427, 33740, 18555, 46986, 872, 426, 567, 213, 289]"
225,"[755, 532, 4011, 117, 8973, 10802, 1934, 888, 296, 558, 1542, 14291, 695, 401, 1538, 1895, 322, 12092, 2668, 623]"
226,"[862, 8844, 949, 710, 524, 451, 9273, 8012, 63, 9598, 9603, 687, 629, 11010, 2054, 197, 103, 36557, 71754, 568]"
227,"[949, 10218, 2119, 8224, 10086, 580, 15602, 11862, 710, 11359, 15371, 9536, 10634, 755, 9623, 10534, 9208, 197, 11066, 9737]"
228,"[3989, 864, 68, 11967, 6068, 11319, 6471, 871, 36685, 559, 9663, 2114, 72105, 253941, 1775, 10428, 2789, 10802, 11546, 109445]"
229,"[1909, 11318, 31642, 10057, 771, 41852, 9078, 12335, 4481, 17917, 11234, 12311, 10020, 168, 5503, 22292, 9289, 11360, 1725, 12614]"
230,"[9452, 9032, 11498, 925, 2291, 1710, 166424, 271110, 10474, 13193, 8973, 8920, 10149, 3036, 40156, 11395, 12280, 11310, 10909, 70670]"
231,"[6471, 9749, 11966, 10803, 1365, 747, 1018, 9346, 402, 27205, 16448, 1443, 9611, 1360, 2655, 16, 1726, 5994, 927, 9430]"
232,"[11687, 26610, 17661, 10692, 39780, 20540, 22597, 4484, 35196, 32085, 38722, 20306, 9516, 10363, 11902, 12632, 11575, 8851, 9405, 12723]"
233,"[524, 103, 9090, 9382, 22625, 1909, 11777, 3036, 101, 10612, 1245, 319, 9066, 935, 238, 872, 426, 567, 213, 289]"
234,"[37719, 39310, 20277, 41852, 8069, 43634, 1677, 14358, 13528, 18299, 22292, 3598, 23114, 43488, 18203, 4483, 335, 10404, 32146, 29380]"
235,"[1859, 220, 3083, 12626, 10162, 24153, 21991, 11023, 12665, 9283, 1581, 8011, 9024, 15876, 10467, 10445, 26408, 31504, 41852, 10184]"
236,"[9300, 9716, 16274, 11532, 16406, 25319, 11037, 60994, 11054, 1987, 11654, 39391, 12481, 8342, 14635, 13245, 13958, 64, 14667, 21189]"
237,"[10858, 4638, 10223, 5175, 411, 58, 10681, 13475, 2059, 1535, 14160, 855, 4547, 982, 652, 19995, 49026, 787, 322, 1271]"
238,"[49051, 24469, 3989, 89492, 16538, 157350, 13597, 10439, 14013, 13532, 74387, 82532, 37136, 64682, 308639, 1535, 68724, 11362, 18533, 28053]"
239,"[3293, 31642, 18133, 12656, 790, 10341, 8413, 10513, 11426, 1607, 28145, 13485, 25010, 28169, 1050, 1619, 11215, 8355, 11307, 254]"
240,"[10835, 11886, 10685, 909, 10858, 29154, 2769, 38554, 3033, 32640, 136795, 811, 1586, 37512, 47018, 139405, 33560, 4497, 10498, 146599]"
241,"[15730, 46797, 28387, 406, 2074, 5894, 50797, 10427, 31642, 9516, 922, 18203, 11229, 11561, 10161, 31225, 9549, 10404, 8816, 12709]"
242,"[752, 36557, 909, 18299, 260, 9927, 335, 4485, 501, 874, 12223, 60994, 16642, 11787, 9586, 9563, 16672, 1392, 24481, 14280]"
243,"[28978, 28288, 32574, 422, 143, 34106, 940, 802, 20334, 28971, 962, 614, 667, 631, 439, 198, 3086, 118340, 9502, 961]"
244,"[102899, 86829, 11247, 44264, 257211, 242582, 158852, 11360, 10025, 9655, 4816, 291805, 10188, 68721, 18240, 39356, 34544, 11887, 87101, 146233]"
245,"[8987, 10440, 8840, 9826, 978, 1389, 53879, 25636, 11860, 5, 9312, 11062, 10525, 7453, 11777, 9472, 10066, 8699, 26271, 10612]"
246,"[10693, 9671, 433, 8346, 756, 9325, 583, 630, 676, 1894, 639, 8874, 531, 8009, 97, 871, 762, 185, 121, 1366]"
247,"[6977, 17600, 18555, 3078, 3083, 14136, 22660, 521, 15764, 1092, 42121, 21873, 16869, 16406, 10396, 10154, 293, 25188, 5924, 29786]"
248,"[6947, 9306, 11113, 804, 3529, 11816, 2142, 13475, 752, 764, 1722, 58, 9428, 4547, 773, 1672, 22, 616, 11169, 19995]"
249,"[9354, 902, 10474, 26564, 10149, 594, 14291, 695, 671, 279, 379, 33, 571, 1598, 12498, 11520, 4104, 37165, 1597, 4327]"
250,"[4584, 10045, 10403, 9836, 11546, 14291, 26748, 239, 9504, 702, 1630, 10548, 10608, 892, 9549, 9277, 343, 826, 11202, 903]"
251,"[5528, 10714, 10529, 10184, 226, 44943, 11917, 9788, 22804, 10851, 4584, 902, 18290, 281957, 31174, 42658, 60935, 1024, 43347, 18183]"
252,"[12527, 9455, 9312, 577, 16388, 10149, 10802, 42658, 10531, 60935, 14275, 1024, 4476, 11318, 110, 11382, 8011, 6075, 65994, 713]"
253,"[28145, 68718, 10907, 1712, 25430, 3121, 24226, 26578, 25010, 28569, 11590, 22292, 1124, 5924, 23954, 9040, 11040, 11562, 901, 990]"
254,"[2671, 37557, 37512, 33560, 11863, 16391, 8193, 34024, 5801, 13702, 27816, 27815, 11687, 33583, 36266, 13318, 12335, 4481, 44497, 1600]"
255,"[5801, 13697, 4484, 10858, 13685, 16388, 9559, 1245, 11236, 23210, 27768, 16605, 220, 173, 10608, 765, 68924, 2255, 13090, 11186]"
256,"[10149, 11561, 18183, 110, 12527, 26748, 2255, 16388, 238, 695, 10531, 11382, 11318, 1587, 1024, 713, 279, 14275, 11010, 109]"
257,"[11862, 31442, 19155, 61416, 2788, 17645, 14291, 16131, 132641, 101230, 20758, 261, 11360, 11455, 147538, 118991, 18355, 8067, 45153, 12655]"
258,"[577, 4808, 14280, 29143, 3110, 8844, 10858, 27526, 31442, 10178, 9372, 3515, 1640, 10631, 558, 4916, 26271, 788, 9559, 16131]"
259,"[9472, 819, 892, 297, 1090, 1073, 29154, 99, 11973, 1632, 8835, 398, 4547, 2755, 650, 879, 1633, 617, 1359, 109]"
260,"[10719, 76341, 435, 522, 13701, 32325, 68718, 289, 177572, 1585, 546, 279, 37247, 33, 11704, 217, 36685, 646, 660, 9008]"
261,"[11362, 9693, 5550, 13203, 254, 11208, 9323, 4553, 12222, 982, 49026, 11459, 8874, 928, 431, 8195, 9882, 4518, 9422, 9396]"
262,"[315, 11902, 32513, 56235, 14886, 8202, 23908, 222935, 19053, 821, 31225, 3109, 1890, 10242, 18254, 40156, 10443, 11683, 4421, 88875]"
263,"[20649, 31642, 23210, 1770, 16148, 30890, 4614, 244, 8741, 16448, 11037, 2124, 9409, 10363, 12123, 14821, 24913, 6623, 11975, 11597]"
264,"[687, 103, 11363, 586, 17917, 943, 3170, 11135, 11319, 10249, 162, 104, 334, 820, 98, 17015, 9312, 11010, 99040, 11359]"
265,"[9819, 5511, 5894, 246, 13701, 17645, 29264, 21450, 3598, 30892, 8818, 17894, 31017, 10668, 9448, 948, 18887, 11933, 9821, 14742]"
266,"[10858, 10340, 12230, 9283, 15144, 26564, 32636, 10436, 1607, 10502, 796, 9300, 11355, 10445, 9451, 2280, 860, 11076, 1770, 819]"
267,"[13685, 284, 11455, 335, 147538, 3170, 34584, 2668, 901, 9285, 39356, 121986, 13958, 88273, 10719, 1359, 2024, 650, 2105, 1430]"
268,"[422, 9981, 10586, 11843, 28580, 16081, 52470, 11087, 50627, 28288, 147773, 12780, 14811, 269, 17473, 53190, 1579, 3549, 1949, 38684]"
269,"[1946, 234, 9087, 712, 5503, 922, 935, 4553, 9675, 981, 872, 426, 3078, 289, 963, 630, 770, 15, 3083, 623]"
270,"[13341, 801, 9480, 9620, 823, 12246, 4147, 9354, 238, 1690, 10634, 15060, 12184, 80278, 12222, 11360, 1103, 2322, 11400, 12225]"
271,"[435, 12596, 2069, 4133, 10590, 35, 855, 2655, 6977, 9502, 2059, 69, 2062, 1124, 1271, 58, 10528, 1535, 118, 16320]"
272,"[12153, 109443, 1257, 9029, 9963, 2069, 810, 920, 331, 9884, 3132, 22794, 9645, 1992, 8698, 112205, 11806, 1620, 81, 2122]"
273,"[11448, 10440, 269149, 17600, 770, 900, 173, 10548, 1092, 1480, 910, 10549, 638, 14583, 4233, 834, 9452, 1725, 13820, 948]"
274,"[11448, 872, 15, 947, 311, 642, 2142, 10223, 10858, 829, 11113, 1598, 9366, 9452, 746, 10669, 11663, 9013, 1883, 1788]"
275,"[39254, 82682, 9452, 11675, 68728, 10025, 18240, 50837, 37710, 9058, 72113, 13398, 13477, 9024, 2625, 11232, 11446, 24405, 254, 17578]"
276,"[10547, 11224, 11114, 769, 137, 33, 756, 1598, 9619, 816, 9772, 11808, 95, 2907, 8688, 10220, 10303, 1885, 8856, 10314]"
277,"[11448, 426, 1585, 510, 769, 279, 311, 829, 2323, 415, 380, 8195, 1934, 9679, 641, 79, 4584, 687, 34615, 9312]"
278,"[688, 50797, 3515, 20239, 26271, 34024, 52059, 30180, 13891, 36943, 37410, 102304, 16384, 72987, 39437, 16885, 30202, 13852, 122190, 113273]"
279,"[9691, 109, 8011, 6415, 651, 9504, 947, 9869, 279, 387, 37247, 826, 829, 982, 12498, 4147, 8469, 243, 2666, 146]"
280,"[9826, 213, 68, 525, 235, 756, 910, 11031, 642, 7863, 2108, 9008, 11498, 243, 585, 194, 4482, 20927, 8447, 103]"
281,"[3035, 47018, 99040, 527, 9300, 11302, 975, 335, 832, 814, 68924, 3170, 9426, 1090, 10388, 3086, 12706, 10876, 10778, 9571]"
282,"[15789, 11041, 11962, 41843, 49471, 49026, 33680, 2454, 42232, 99008, 50627, 137236, 17612, 4349, 3291, 924, 19913, 10138, 10528, 149687]"
283,"[28971, 406, 23333, 8952, 9308, 18489, 13090, 11704, 1375, 12151, 31342, 9267, 9944, 11886, 10399, 10400, 179, 36210, 13665, 28973]"
284,"[8512, 1538, 8069, 164, 567, 630, 770, 1585, 864, 11159, 792, 510, 240, 600, 703, 387, 9277, 9665, 207, 37247]"
285,"[10427, 9089, 18256, 110, 10443, 32562, 11902, 922, 26890, 549, 223, 4481, 10174, 37291, 1554, 11673, 10404, 145, 17204, 468]"
286,"[40154, 558, 10331, 409, 8874, 10674, 34584, 9276, 10314, 509, 10279, 2291, 4133, 634, 8835, 453, 27593, 425, 1927, 11607]"
287,"[8069, 415, 16614, 3086, 657, 28569, 109414, 1562, 24420, 1364, 50646, 470, 87827, 9312, 880, 18290, 2074, 15789, 37108, 9587]"
288,"[161495, 9879, 665, 957, 565, 139405, 10634, 40156, 9472, 14522, 9559, 13203, 10635, 11446, 401, 1538, 11134, 164, 426, 567]"
289,"[401, 454, 819, 489, 1715, 462, 392, 9816, 2018, 853, 5852, 11371, 5175, 453, 10590, 245, 818, 8326, 3291, 2454]"
290,"[6471, 249070, 9008, 291805, 10778, 5544, 45317, 20453, 2789, 42658, 60935, 13701, 527, 9571, 65994, 10909, 10447, 9300, 5550, 9066]"
291,"[2789, 9472, 11231, 254, 10112, 11324, 804, 4808, 3063, 9522, 16448, 68924, 9444, 13907, 929, 11319, 332, 5549, 670, 11782]"
292,"[97989, 22660, 14285, 3090, 8428, 288, 2058, 128190, 3116, 42121, 14412, 596, 29478, 11654, 49096, 31516, 2211, 80518, 10889, 307]"
293,"[14242, 968, 36668, 9443, 9277, 12498, 11522, 21032, 13685, 9090, 19155, 10464, 10660, 24908, 46094, 1634, 239571, 9559, 254, 14024]"
294,"[956, 8447, 1775, 11363, 145, 17908, 8859, 590, 10145, 127585, 23168, 15265, 4771, 99861, 56292, 11499, 14292, 12182, 49538, 12656]"
295,"[8065, 19931, 12159, 9403, 12706, 9778, 297, 1541, 45269, 77338, 8077, 12445, 49026, 49538, 26748, 10193, 1632, 2294, 12657, 16295]"
296,"[11971, 10539, 679, 9487, 45612, 17654, 8844, 76341, 710, 8012, 293660, 902, 63, 9598, 9603, 10530, 629, 10521, 2054, 9208]"
297,"[10436, 12487, 47018, 1581, 16388, 10149, 22625, 10531, 87729, 9587, 47504, 11318, 8438, 14334, 46797, 23333, 12280, 13398, 29264, 9516]"
298,"[20453, 713, 787, 13016, 8065, 473, 123678, 1738, 24746, 30018, 10328, 14019, 1567, 18491, 3716, 13855, 11393, 22311, 670, 9869]"
299,"[10452, 3309, 12573, 11420, 10183, 12632, 22490, 790, 10644, 983, 55146, 26422, 415, 33344, 11568, 47452, 267, 76330, 929, 25430]"
300,"[11777, 9312, 1726, 11450, 713, 752, 949, 4638, 227, 36557, 924, 2832, 5852, 118340, 14275, 9587, 8835, 11113, 6977, 10442]"
301,"[13252, 1966, 21734, 2075, 18501, 11010, 19760, 6071, 11253, 10065, 9393, 22067, 13477, 2486, 2625, 19051, 228150, 10057, 24405, 28121]"
302,"[110, 16771, 14291, 10445, 500, 10161, 769, 11778, 1633, 17589, 115, 17917, 77, 194, 694, 2118, 103, 550, 11386, 108]"
303,"[26408, 19311, 16804, 27583, 21334, 11911, 37181, 46738, 9685, 5176, 4291, 4836, 654, 47933, 166424, 10467, 97989, 12456, 75964]"
304,"[21348, 186, 3176, 10781, 7191, 14435, 246, 22894, 22625, 10427, 12160, 31156, 10066, 12201, 26408, 14836, 50247, 33245, 18670, 14337]"
305,"[12488, 11557, 1049, 25010, 20283, 16771, 10467, 32562, 11876, 85328, 12614, 4481, 659, 14285, 17204, 31908, 468, 33667, 11426, 10633]"
306,"[962, 21142, 42797, 10110, 80767, 12919, 3291, 1726, 116, 9576, 1391, 205, 1677, 155, 55, 845, 14295, 297, 143, 2771]"
307,"[1024, 594, 695, 14836, 7985, 70160, 473, 16859, 5548, 55931, 11287, 392, 350, 8342, 2270, 8669, 533, 548, 38356, 1593]"
308,"[87729, 12665, 19760, 400, 10534, 17414, 2086, 9283, 9836, 110972, 9073, 17447, 43742, 10660, 39953, 14522, 2124, 2502, 2625, 24405]"
309,"[10303, 9426, 11520, 11507, 9283, 1909, 10440, 3065, 922, 81310, 11455, 9086, 579, 2928, 147538, 11419, 18080, 10603, 9437, 1774]"
310,"[532, 433, 252, 500, 762, 10409, 279, 16448, 2255, 4995, 1779, 2028, 1885, 9824, 850, 13342, 11072, 13785, 8835, 1548]"
311,"[19908, 186, 12162, 49051, 30892, 8355, 146216, 8273, 7288, 8439, 3089, 22881, 20504, 12155, 27576, 35791, 11253, 56292, 2539, 10189]"
312,"[32513, 549, 11686, 10874, 11066, 18989, 18555, 13320, 26531, 37291, 339, 229, 30285, 12101, 35144, 10278, 11855, 9626, 15556, 1685]"
313,"[11088, 12665, 22881, 25431, 2486, 34544, 10534, 1578, 10155, 11252, 16406, 476, 26617, 968, 10191, 2359, 18417, 77338, 10138, 8355]"
314,"[1585, 9277, 3034, 2323, 378, 4011, 9326, 90, 13855, 20453, 48395, 11282, 935, 872, 630, 13016, 279, 9665, 37247, 33]"
315,"[524, 9802, 330, 9772, 9340, 949, 99040, 755, 33542, 8699, 17600, 254, 1577, 9894, 3595, 953, 612, 402, 11386, 15764]"
316,"[12437, 9571, 10895, 89492, 239, 15, 22972, 703, 571, 10890, 109421, 15144, 72105, 27581, 96721, 1381, 109424, 72976, 924, 19833]"
317,"[32325, 152, 174, 157, 13701, 563, 2756, 154, 408, 8009, 10144, 10428, 10802, 2109, 10525, 10377, 9061, 11318, 9798, 9487]"
318,"[139405, 9312, 40154, 9587, 10510, 34152, 2788, 29383, 178, 10909, 22317, 10440, 10447, 7007, 11074, 10635, 26408, 17600, 8069, 40001]"
319,"[103, 604, 12122, 5680, 22317, 10447, 9607, 1933, 29621, 1895, 141, 567, 289, 62, 5548, 11224, 8367, 500, 792, 510]"
320,"[910, 2769, 804, 303, 198, 261, 11159, 11302, 9504, 15764, 4480, 10161, 1480, 8816, 29193, 9452, 34106, 11426, 11050, 746]"
321,"[34106, 845, 5998, 9312, 28387, 880, 5967, 136, 12527, 23333, 20239, 18671, 10363, 747, 33245, 28288, 17281, 43795, 26378, 19186]"
322,"[348, 16633, 15919, 380, 4192, 28257, 31526, 31442, 116, 712, 39953, 1640, 2502, 15876, 259389, 713, 117629, 30548, 16131, 9806]"
323,"[436, 1653, 120467, 582, 16, 142, 1417, 9372, 8193, 9398, 129, 583, 7326, 310, 58, 274, 935, 15, 33, 346]"
324,"[10149, 10802, 1024, 26748, 9447, 12244, 180299, 10409, 10521, 5967, 7985, 992, 8067, 35680, 25232, 17962, 17707, 9647, 1267, 80767]"
325,"[1710, 9263, 9737, 1572, 1642, 10802, 3512, 8984, 4954, 6280, 9061, 8986, 10510, 8438, 6950, 2636, 11381, 36593, 15128, 36955]"
326,"[35196, 8512, 2293, 22625, 10954, 10436, 25440, 18989, 38867, 10907, 220, 9401, 11816, 1554, 11314, 11449, 7863, 1890, 25232, 31342]"
327,"[670, 10858, 13685, 14069, 281, 11382, 9323, 4553, 26748, 981, 963, 15, 11455, 703, 765, 11202, 579, 1878, 1725, 1051]"
328,"[14334, 23333, 11184, 14358, 9401, 14278, 10982, 10399, 2623, 3933, 398, 1781, 6037, 548, 9555, 4107, 64, 19053, 10934, 10168]"
329,"[12527, 6075, 10858, 577, 97, 755, 103, 77, 16388, 809, 36658, 10149, 10531, 8195, 162, 14275, 1024, 11318, 110, 11382]"
330,"[41768, 2639, 8193, 527, 198, 320011, 1878, 34106, 10849, 5961, 9442, 23954, 13466, 1946, 16305, 3767, 10047, 10219, 670, 13776]"
331,"[149509, 81549, 256917, 10188, 14268, 274854, 27275, 193544, 265351, 246403, 1581, 14069, 13193, 24908, 59965, 9986, 11823, 14024, 3053, 13644]"
332,"[525, 8012, 629, 15371, 103, 8321, 9571, 6, 424, 26408, 275, 14337, 935, 238, 567, 289, 10331, 7343, 10218, 252]"
333,"[15370, 22051, 11010, 18290, 116745, 13477, 1634, 10555, 1677, 42314, 10548, 11455, 1667, 1598, 834, 6471, 847, 123678, 18491, 11779]"
334,"[306, 9479, 389, 829, 881, 9087, 2064, 9359, 11310, 11566, 10442, 408, 935, 567, 426, 213, 284, 289, 599, 15]"
335,"[22596, 31623, 67217, 34847, 221861, 39871, 36265, 701, 15244, 22871, 18671, 10895, 27375, 63066, 42694, 992, 42359, 31411, 22975, 207]"
336,"[14291, 36819, 4825, 672, 12, 4584, 63, 197, 568, 1572, 673, 1637, 788, 9800, 858, 251, 954, 1895, 29376, 26378]"
337,"[11859, 11780, 3512, 9255, 8844, 9909, 9312, 2045, 10329, 8963, 1572, 9886, 9482, 118340, 8984, 4954, 397, 13701, 32325, 3036]"
338,"[10474, 213, 289, 819, 947, 279, 387, 379, 37247, 826, 829, 982, 571, 12498, 4011, 926, 426, 33, 755, 9665]"
339,"[47018, 11010, 527, 40156, 3529, 9401, 612, 11159, 10218, 10608, 7452, 892, 1412, 144, 11235, 910, 625, 8816, 7863, 9366]"
340,"[311, 829, 621, 2034, 8321, 116, 594, 12153, 9359, 1634, 9593, 49051, 10895, 9675, 9327, 426, 567, 289, 963, 15]"
341,"[14268, 31174, 31526, 4507, 8588, 47653, 32636, 25783, 39953, 244268, 18893, 259389, 80717, 117629, 7992, 30548, 13362, 9054, 318033, 20941]"
342,"[42314, 68924, 2755, 17015, 880, 50797, 22625, 3586, 15128, 1640, 26391, 11584, 42580, 244268, 5179, 16358, 1677, 52059, 13362, 36266]"
343,"[272, 525, 10549, 13685, 103, 36557, 809, 19101, 9905, 2788, 16771, 6075, 9571, 14291, 695, 1895, 9323, 935, 9806]"
344,"[52059, 8672, 320, 2567, 118340, 28257, 4482, 2074, 50797, 19155, 87729, 9472, 9024, 411, 20759, 132641, 101230, 599, 1939, 4481]"
345,"[3035, 140420, 12160, 27214, 11449, 13982, 5769, 308, 25430, 19426, 11252, 314040, 10785, 802, 11665, 10388, 11016, 1879, 4967, 10569]"
346,"[18892, 2185, 118340, 140420, 2124, 27768, 15060, 68718, 44705, 13320, 15947, 659, 144, 490, 66, 10806, 17917, 16619, 606, 11485]"
347,"[76341, 102899, 166424, 293660, 54138, 4638, 1771, 435, 767, 1587, 9495, 207703, 712, 591, 116745, 152601, 37233, 9800, 713, 6977]"
348,"[10741, 16388, 60437, 52059, 198, 10174, 1633, 33344, 16084, 12271, 10849, 16858, 9013, 1923, 11305, 10242, 11671, 5723, 8285, 4547]"
349,"[2757, 10634, 8193, 7453, 116, 8321, 16771, 27307, 11876, 935, 176, 10537, 1630, 429, 311, 826, 829, 11778, 33, 11202]"
350,"[10312, 118340, 9091, 9536, 10149, 3036, 11593, 39310, 109, 12160, 31642, 10612, 11236, 26408, 43634, 922, 68718, 3573, 2769, 43488]"
351,"[838, 10502, 28288, 454, 10633, 28569, 10774, 9040, 4192, 524, 4584, 1710, 451, 9263, 139405, 20927, 9614, 36557, 809, 18402]"
352,"[8452, 13885, 21348, 46785, 22345, 9091, 11777, 8069, 10547, 19311, 9826, 2925, 10478, 21539, 928, 844, 16672, 14168, 9480, 1280]"
353,"[109421, 34851, 41154, 68721, 14819, 9981, 127864, 254320, 11562, 25188, 26617, 18533, 159008, 38093, 194101, 319067, 17473, 177945, 168530, 283587]"
354,"[31174, 32646, 9404, 9671, 11860, 17015, 11010, 28387, 880, 2086, 9283, 649, 8973, 9090, 50797, 76, 11929, 38722, 9058, 110]"
355,"[260, 3090, 16448, 12163, 11349, 118340, 3179, 1883, 9071, 8973, 11929, 11382, 10427, 804, 223, 18299, 900, 13446, 1480, 10322]"
356,"[9372, 411, 6878, 982, 4421, 617, 10674, 9730, 8195, 17037, 9798, 14444, 37536, 10029, 9326, 10312, 817, 2667, 11963, 9008]"
357,"[3595, 601, 2756, 11216, 756, 4104, 597, 10674, 10144, 9798, 603, 141489, 2668, 129, 640, 19760, 43566, 10949, 649, 20649]"
358,"[16869, 28978, 28971, 195, 27418, 439, 10835, 422, 11673, 229, 12709, 2163, 38295, 5910, 5961, 21734, 28519, 11712, 28216, 2990]"
359,"[28387, 12527, 1398, 14283, 15602, 45317, 17015, 47018, 11448, 880, 32622, 649, 26564, 2293, 1024, 13701, 39310, 3586, 32636, 1634]"
360,"[11310, 10442, 787, 10835, 509, 5156, 1880, 643, 10673, 10110, 4147, 4108, 6977, 397, 2758, 10329, 2064, 11971, 4476, 11450]"
361,"[11827, 17015, 9090, 9587, 10612, 9066, 10987, 239, 8367, 475, 4481, 11216, 26561, 10409, 8009, 625, 8077, 571, 26180, 17589]"
362,"[1265, 18290, 281957, 20453, 2788, 436, 8840, 8866, 16804, 242512, 49706, 18489, 227348, 51052, 70160, 58574, 27337, 4104, 638, 13258]"
363,"[6217, 13685, 10525, 8981, 888, 23333, 10436, 10909, 11231, 90214, 9401, 11159, 124837, 1405, 10174, 783, 10603, 16148, 10622, 20862]"
364,"[11003, 7873, 22625, 2788, 15128, 10066, 1634, 11858, 50247, 7300, 33245, 33740, 242582, 239, 1585, 7862, 158852, 10861, 9656, 31102]"
365,"[239, 37916, 19483, 5544, 99861, 17414, 2074, 30765, 13193, 14275, 9587, 11318, 32636, 7984, 5550, 20526, 395, 41852, 97989, 9304]"
366,"[49538, 436, 44264, 23742, 8681, 137106, 104, 101299, 45612, 68721, 10138, 16, 54138, 956, 10195, 1571, 5279, 1391, 37686, 142]"
367,"[25010, 27854, 220, 892, 828, 11449, 1890, 28145, 99, 17443, 24748, 711, 2608, 12508, 13550, 647, 13476, 14282, 10907, 924]"
368,"[820, 1359, 565, 9472, 1640, 8699, 9066, 401, 1538, 17133, 3033, 11545, 10658, 10154, 6415, 660, 6957, 9563, 10397, 10493]"
369,"[1641, 1933, 426, 289, 947, 387, 9665, 37247, 826, 4327, 433, 62, 2024, 2675, 9427, 2898, 9354, 27205, 109, 110]"
370,"[435, 83, 10331, 790, 11455, 9882, 244, 15556, 10669, 476, 5156, 11838, 11342, 1535, 13885, 118683, 7916, 1969, 60672, 1407]"
371,"[9256, 408, 325133, 638, 8874, 10155, 967, 8836, 925, 10673, 75656, 19959, 6615, 11615, 2055, 936, 22832, 14022, 312221, 2253]"
372,"[46094, 22317, 411, 864, 4421, 11831, 47881, 9820, 11704, 17915, 2109, 9821, 10663, 297, 9798, 9396, 2112, 2275, 37135, 9032]"
373,"[40156, 10684, 13891, 18451, 501, 9558, 9882, 17962, 1713, 10083, 2575, 37257, 1391, 1360, 4912, 12698, 10086, 12709, 2074, 19]"
374,"[11010, 5544, 24908, 59965, 9986, 1577, 1653, 14024, 9515, 36648, 11962, 612, 43904, 8457, 9738, 18218, 11648, 62837, 8780, 24746]"
375,"[16388, 8973, 9382, 1909, 11318, 12280, 10612, 10909, 2246, 1245, 11236, 695, 867, 860, 289, 2668, 765, 24913, 7340, 377]"
376,"[14291, 9434, 1924, 28384, 2064, 11939, 9495, 10660, 9359, 11566, 7984, 11236, 23210, 11446, 408, 13562, 1630, 2756, 892, 144]"
377,"[9091, 9536, 9623, 8193, 19855, 8987, 23522, 2320, 25059, 46063, 866, 1645, 11895, 9920, 8584, 9833, 148, 393, 652, 25]"
378,"[695, 922, 11128, 4483, 10404, 288, 10322, 625, 16375, 9844, 5769, 9029, 34636, 12560, 9745, 293310, 11489, 476, 26617, 12509]"
379,"[13193, 1024, 9905, 4916, 46027, 9360, 37530, 15556, 9944, 12105, 11178, 11498, 38557, 14040, 11259, 619, 11004, 320, 11013, 160588]"
380,"[249, 14836, 1687, 12207, 10054, 9462, 16441, 23479, 16363, 5143, 9461, 7249, 260, 11710, 223, 10322, 27352, 11209, 9395, 10649]"
381,"[12527, 16420, 4497, 400, 16391, 9890, 10149, 5967, 10531, 7453, 23333, 314, 8291, 23210, 11446, 32562, 17768, 41852, 97989, 5801]"
382,"[12280, 49051, 335, 1619, 19994, 24238, 13156, 5176, 10665, 11804, 10996, 10436, 271110, 956, 23114, 37550, 22213, 11570, 36652, 85689]"
383,"[22660, 8834, 10220, 77, 9071, 18620, 2259, 9066, 401, 1538, 47449, 1895, 41007, 9806, 872, 31044, 521, 7452, 947, 829]"
384,"[17814, 9555, 923, 5544, 9283, 50797, 40156, 82654, 10548, 18451, 117263, 12706, 107985, 8198, 2056, 168672, 10358, 27583, 1667, 9277]"
385,"[429, 10220, 70, 17414, 11062, 11066, 10474, 2502, 11858, 401, 935, 872, 963, 599, 9401, 10537, 1630, 389, 155, 11645]"
386,"[9558, 20862, 102304, 13787, 387, 982, 826, 577, 15, 12104, 539, 11054, 71754, 47507, 20992, 289, 10223, 37247, 11382, 10858]"
387,"[809, 16097, 32513, 32255, 31121, 5723, 10778, 773, 12253, 170, 3112, 47018, 9089, 27526, 49805, 87729, 136, 46797, 20277, 1997]"
388,"[15919, 8672, 10443, 9323, 763, 24662, 9835, 10692, 8416, 14831, 33734, 14002, 12919, 11454, 5257, 1591, 7551, 64690, 31516, 4481]"
389,"[11934, 3573, 861, 524, 103, 809, 12160, 558, 2502, 401, 275, 9806, 238, 62, 272, 8367, 11412, 583, 792, 500]"
390,"[13697, 10314, 345, 36557, 15128, 3078, 284, 1939, 261, 173, 11561, 521, 221, 1630, 10548, 38251, 703, 37247, 3063, 982]"
391,"[8512, 335, 13667, 3035, 802, 777, 1541, 87729, 28257, 34444, 15765, 11592, 5179, 11632, 32513, 9323, 909, 303, 4174, 1859]"
392,"[116, 1372, 8699, 2048, 11282, 11324, 953, 70160, 9522, 49026, 58574, 2062, 4638, 10191, 9502, 23483, 157336, 206216, 8271, 18785]"
393,"[36210, 2009, 26195, 44754, 16153, 22490, 14285, 17139, 4043, 46889, 666, 10368, 3309, 49184, 46435, 1392, 592, 1985, 93, 11686]"
394,"[99861, 7555, 8247, 7461, 177572, 70160, 38050, 50348, 117263, 44943, 59962, 100402, 9335, 54138, 127585, 13042, 137113, 37834, 27576, 37724]"
395,"[1678, 15602, 9826, 651, 279, 1493, 928, 9327, 409, 33542, 5925, 532, 522, 8358, 913, 12, 1894, 2502, 14, 585]"
396,"[41852, 3053, 595, 17917, 1726, 826, 770, 794, 11202, 1725, 1894, 2323, 13785, 378, 279, 935, 5548, 36658, 510, 106]"
397,"[11859, 1635, 24066, 9754, 272693, 9991, 13930, 6537, 13885, 13633, 55615, 20878, 20871, 384798, 158483, 20875, 20803, 25126, 13754, 24655]"
398,"[14412, 20283, 838, 990, 641, 9886, 9070, 6280, 24070, 9472, 1640, 2048, 23210, 32562, 38867, 2769, 787, 804, 770, 599]"
399,"[2028, 76, 10403, 9571, 4543, 9013, 25188, 379, 13667, 11202, 914, 287, 11176, 801, 16448, 1552, 11072, 12102, 311, 33]"
400,"[2907, 36685, 10776, 62, 18444, 10537, 3034, 10549, 155, 107, 10948, 97, 81310, 11970, 11114, 641, 7863, 11639, 3170, 598]"
401,"[688, 10731, 8987, 10440, 2320, 9294, 1645, 10218, 892, 696, 982, 10549, 28059, 8067, 346, 509, 651, 11862, 11860, 25602]"
402,"[276, 4816, 23928, 16646, 21910, 9613, 1951, 86829, 38778, 32761, 68735, 70670, 88794, 16442, 103332, 8051, 86, 9642, 11047, 274167]"
403,"[770, 12092, 10765, 9277, 9665, 5925, 903, 3034, 3179, 12723, 473, 2907, 162, 12560, 8856, 8592, 10776, 177, 8872, 11287]"
404,"[2759, 389, 826, 24153, 31357, 577, 49133, 40154, 26564, 1909, 397, 18183, 10731, 26391, 31642, 9593, 713, 935, 213, 4808]"
405,"[11023, 27526, 12158, 25557, 17585, 11228, 11134, 85328, 1635, 10336, 9458, 10871, 9769, 9570, 5971, 1687, 24128, 99, 2787, 2046]"
406,"[379, 249070, 666, 851, 157336, 291805, 31442, 2074, 10178, 19155, 11939, 26520, 17645, 10606, 10631, 26596, 43004, 1040, 67, 14652]"
407,"[41768, 33680, 17915, 2894, 1364, 5000, 11700, 2841, 14139, 775, 9090, 14560, 34444, 15765, 7007, 20967, 9323, 10723, 284, 4808]"
408,"[13812, 35172, 19185, 33560, 31442, 7873, 11546, 5967, 50797, 11929, 35395, 8220, 43742, 527, 26520, 10066, 10606, 26391, 34444, 43004]"
409,"[11526, 29698, 11446, 10545, 144, 68924, 22797, 9354, 2657, 9487, 27104, 40694, 23655, 47585, 25461, 12110, 99040, 48750, 400, 8447]"
410,"[860, 1585, 2323, 168, 106, 956, 8699, 1933, 10547, 6415, 772, 770, 37094, 1213, 2005, 11287, 9277, 3034, 172, 8469]"
411,"[9273, 31526, 1642, 31146, 39953, 10440, 259389, 197033, 117629, 30548, 9641, 88, 10161, 11235, 832, 288, 71208, 24913, 377, 41423]"
412,"[16605, 9779, 40206, 19931, 42861, 11158, 47908, 8545, 24951, 2020, 64963, 10206, 16562, 26170, 6644, 4825, 12599, 18118, 23283, 9995]"
413,"[97, 755, 8195, 43742, 8986, 101, 10464, 10660, 319, 18414, 8069, 11527, 11113, 6620, 8356, 9401, 10586, 68, 21539, 172]"
414,"[436, 1653, 866, 155, 242, 10681, 120467, 582, 16, 9398, 773, 205, 142, 7326, 1417, 187, 129, 651, 1391, 963]"
415,"[9691, 12280, 8011, 10909, 2246, 14291, 867, 9607, 509, 658, 567, 11412, 2756, 9869, 2322, 9434, 9611, 8874, 1551, 2024]"
416,"[8512, 109, 14334, 7007, 11386, 10161, 10705, 311, 13466, 9451, 26564, 14291, 31174, 11448, 595, 10858, 1408, 9263, 10874, 43566]"
417,"[28257, 9073, 1961, 31374, 31378, 66150, 24402, 9440, 11172, 8677, 11164, 21168, 4437, 10207, 3687, 25471, 919, 20981, 15384, 12289]"
418,"[11011, 32657, 4808, 14199, 8356, 12614, 11816, 8428, 15143, 571, 16448, 6519, 2670, 11557, 3525, 8130, 15556, 266856, 10396, 1049]"
419,"[26748, 1633, 9283, 688, 8984, 397, 9587, 3036, 8438, 12280, 10395, 306, 11310, 9593, 10440, 1245, 7007, 23210, 176, 11184]"
420,"[1710, 6520, 9905, 10464, 10427, 9256, 1607, 2019, 2259, 10897, 26531, 8491, 61536, 9037, 31908, 24662, 65889, 108401, 19931, 11831]"
421,"[2323, 641, 598, 1900, 70, 240, 9772, 792, 524, 380, 107, 1213, 2675, 8367, 881, 194, 11448, 10474, 26564, 9654]"
422,"[40156, 109, 11426, 907, 9301, 5781, 17015, 902, 10149, 108, 12527, 16771, 26271, 10612, 24559, 32562, 18989, 27768, 38867, 11190]"
423,"[18620, 60994, 11299, 649, 20649, 9344, 10149, 10531, 5801, 10280, 10938, 10404, 22797, 12101, 16081, 26522, 28295, 11712, 14521, 11327]"
424,"[241, 9283, 13685, 9344, 13701, 38722, 9058, 10449, 10436, 37233, 11971, 1245, 581, 408, 11360, 2756, 7452, 626, 7340, 653]"
425,"[116, 254, 599, 3083, 11159, 10608, 343, 288, 654, 3116, 19, 1779, 4944, 770, 239, 702, 26748, 9549, 696, 982]"
426,"[9008, 5544, 15789, 1677, 2288, 8848, 9927, 475, 3179, 1389, 1725, 859, 1779, 16614, 11774, 86834, 1985, 340, 205300, 11678]"
427,"[4808, 303, 1585, 1633, 12102, 3170, 10882, 2039, 632, 31516, 10474, 22625, 10531, 59930, 319, 41590, 408, 10895, 981, 2769]"
428,"[76726, 15370, 10276, 22051, 13685, 18290, 7551, 26271, 51739, 10440, 14337, 20759, 9323, 23742, 242512, 31044, 49706, 1412, 227348, 783]"
429,"[8012, 577, 99040, 2054, 9208, 71754, 2074, 11000, 414, 10329, 8963, 397, 628, 241, 6950, 11450, 87078, 1587, 2064, 9331]"
430,"[60994, 15515, 10778, 15137, 24166, 11208, 171372, 4964, 35196, 140420, 5967, 14334, 46797, 34152, 23333, 315, 20239, 16097, 9559, 15139]"
431,"[983, 60994, 1956, 4909, 11400, 110414, 157336, 13008, 27526, 31442, 9071, 46094, 896, 20762, 22479, 276, 31225, 655, 11449, 13891]"
432,"[2320, 49026, 157336, 45612, 285, 1858, 13223, 15602, 45317, 7191, 7551, 12437, 435, 13193, 11253, 168672, 152601, 10529, 20526, 8840]"
433,"[173, 10835, 1480, 18451, 9366, 68924, 654, 805, 845, 244, 9276, 10669, 391, 8649, 253, 596, 632, 901, 11327, 593]"
434,"[28257, 198, 940, 37719, 76, 31439, 8981, 47260, 335, 8428, 11844, 9977, 23383, 25099, 9715, 15919, 77469, 22318, 3086, 3767]"
435,"[36658, 10386, 671, 756, 608, 10693, 9312, 10249, 34584, 118340, 11395, 14334, 23333, 36593, 296, 8388, 2502, 1844, 9066, 817]"
436,"[43904, 24086, 16305, 9091, 9087, 10858, 11062, 9071, 76, 23333, 26520, 10606, 10631, 43004, 1040, 14652, 1653, 18499, 126148, 140]"
437,"[14, 24, 28387, 880, 649, 32646, 10149, 72031, 9061, 47504, 40156, 110, 46797, 11382, 18658, 1634, 33245, 1895, 9806, 238]"
438,"[628, 9802, 941, 5548, 9331, 193, 1572, 2164, 268, 36955, 6950, 5503, 8963, 581, 9350, 710, 1637, 37233, 251, 414]"
439,"[527, 31225, 10835, 168535, 74239, 9464, 23954, 31930, 2760, 141489, 14521, 24735, 2211, 64, 5544, 10781, 2486, 1571, 5915, 206216]"
440,"[8009, 4011, 8193, 2109, 1640, 10612, 1245, 11236, 17654, 650, 1018, 605, 860, 62, 37094, 926, 670, 5236, 9322, 2323]"
441,"[11686, 9664, 152532, 37557, 47018, 649, 7873, 10149, 1024, 46797, 20239, 10467, 17600, 11876, 198, 10861, 9656, 9899, 10938, 15764]"
442,"[9567, 102899, 10872, 9323, 18555, 4808, 804, 177572, 8845, 9366, 9452, 51876, 9667, 45612, 1562, 21991, 54138, 41154, 127585, 49538]"
443,"[1103, 51739, 9277, 826, 172, 378, 5558, 37725, 11621, 11299, 118340, 13223, 38142, 902, 9312, 755, 246, 8193, 281, 79593]"
444,"[1585, 378, 8469, 9087, 8012, 902, 9614, 568, 11780, 435, 14291, 114, 1895, 599, 433, 583, 475, 500, 792, 601]"
445,"[809, 941, 1542, 9377, 1934, 134, 24, 402, 509, 524, 9409, 630, 623, 11455, 240, 11459, 27983, 9823, 184, 9313]"
446,"[13, 424, 235, 786, 310, 10719, 166424, 451, 9598, 9603, 807, 629, 103, 281957, 1572, 435, 2292, 241, 6950, 680]"
447,"[10534, 9826, 157, 5548, 9679, 2024, 11062, 8009, 25059, 1701, 2675, 1933, 10684, 872, 947, 37247, 642, 10003, 2142, 847]"
448,"[847, 217, 1640, 16869, 1924, 36685, 17654, 1571, 206216, 35, 500, 137113, 240, 8363, 756, 70160, 58574, 45612, 106, 76338]"
449,"[1909, 583, 792, 1213, 525, 10858, 9283, 1934, 11382, 9326, 12280, 10436, 1607, 2246, 1245, 10445, 695, 813, 9428, 567]"
450,"[9603, 9800, 8077, 16980, 37495, 30969, 290, 8880, 86837, 11860, 9091, 9087, 10858, 9909, 22596, 4497, 2054, 31623, 119431, 67217]"
451,"[24257, 1554, 33324, 845, 17015, 36557, 11104, 109, 315, 20239, 50247, 747, 32513, 49963, 68718, 909, 1712, 3529, 3085, 261]"
452,"[49805, 15163, 5996, 36807, 10754, 221, 23522, 148, 1585, 11010, 226229, 85778, 13552, 10452, 315, 1413, 30892, 10644, 1811, 1281]"
453,"[10525, 10612, 641, 111, 577, 2086, 27793, 2789, 9090, 1909, 9587, 18183, 43742, 10660, 10436, 1634, 14291, 3065, 8069, 747]"
454,"[4638, 118340, 10403, 6075, 11934, 1858, 426, 206216, 10218, 1103, 13342, 11216, 37247, 756, 245, 14160, 45612, 10138, 2757, 76341]"
455,"[10895, 9078, 2567, 116, 10909, 9066, 2770, 13475, 866, 2059, 12092, 19995, 49026, 879, 1878, 423, 4944, 5915, 168, 154]"
456,"[11448, 436, 11208, 1653, 546, 431, 7485, 16, 5279, 1391, 4771, 142, 470, 3176, 13885, 8656, 642, 524, 279, 11003]"
457,"[54933, 11454, 576, 5801, 260, 21128, 32275, 15867, 2161, 2302, 19236, 1591, 994, 30970, 4593, 11549, 11013, 548, 229, 16391]"
458,"[435, 49026, 1535, 10719, 2059, 9476, 411, 652, 36669, 10276, 1372, 879, 19995, 7453, 6947, 2062, 4547, 1734, 4638, 425]"
459,"[9487, 12527, 22, 630, 10144, 577, 2619, 15171, 103, 4011, 117, 809, 673, 36658, 10531, 10377, 2657, 9326, 2788, 6075]"
460,"[26378, 8413, 102304, 10658, 16520, 1090, 12211, 1164, 1858, 4481, 17917, 9323, 1619, 3080, 3086, 13368, 582, 11549, 20334, 17654]"
461,"[11323, 9754, 1667, 11849, 12698, 38757, 2841, 834, 59436, 10138, 9693, 19995, 10515, 68718, 14160, 9502, 10528, 4538, 36807, 8321]"
462,"[2501, 11159, 703, 982, 2142, 10155, 1090, 11541, 141, 1535, 27205, 2757, 121, 640, 598, 11635, 1817, 9654, 170, 296]"
463,"[152532, 2671, 9555, 144, 10528, 19, 350, 643, 288, 10193, 14160, 19995, 11235, 10015, 1360, 396, 1391, 3291, 13370, 11446]"
464,"[11448, 120, 433, 36643, 15121, 8428, 9263, 9325, 2619, 577, 97, 11359, 17182, 11336, 20927, 9623, 10534, 2086, 15144, 11062]"
465,"[8321, 857, 73, 1271, 25188, 1359, 27205, 1429, 687, 629, 11010, 9614, 688, 103, 1909, 9587, 116, 236, 10612, 7984]"
466,"[18299, 43795, 17889, 9873, 9816, 37719, 17015, 11066, 20649, 10427, 6, 254, 9099, 804, 4174, 1770, 335, 832, 983, 638]"
467,"[1939, 900, 20283, 2675, 9091, 9087, 4584, 902, 28257, 31174, 10530, 11010, 2054, 9208, 40154, 11062, 2045, 688, 49805, 2759]"
468,"[11592, 1628, 11889, 12611, 11009, 116167, 5961, 3777, 1951, 26933, 22490, 17139, 14347, 1902, 118098, 26291, 10238, 43802, 23949, 30192]"
469,"[377, 755, 9095, 8367, 18129, 144, 766, 694, 765, 756, 814, 27214, 24913, 6114, 1598, 6217, 794, 16980, 4488, 948]"
470,"[50247, 28268, 41391, 48831, 42449, 33324, 26648, 22796, 9524, 12496, 51333, 1919, 22102, 38442, 12717, 15383, 29586, 49842, 27725, 2926]"
471,"[3558, 31442, 4379, 16131, 242512, 921, 49706, 9333, 227348, 51052, 7863, 27337, 9405, 56292, 7516, 15472, 11568, 10982, 40619, 43266]"
472,"[11901, 27526, 11929, 4916, 7007, 10897, 40001, 11228, 18862, 9400, 25189, 9446, 49806, 12499, 17832, 9433, 20457, 10871, 32911, 4415]"
473,"[245906, 179538, 109584, 220620, 275060, 244264, 34615, 9095, 7873, 11472, 2320, 9100, 10861, 9656, 9899, 531, 766, 149, 7457, 642]"
474,"[11953, 4584, 6520, 36834, 9061, 9587, 39310, 34152, 4916, 43634, 8356, 3598, 1712, 23114, 43488, 18203, 4483, 144, 1554, 32146]"
475,"[11934, 10442, 6620, 260, 173, 9549, 3090, 242, 12626, 10669, 11787, 632, 287, 838, 1541, 379, 10403, 9366, 244, 1779]"
476,"[1024, 9495, 68718, 1630, 144, 8428, 1726, 11663, 9684, 4816, 14160, 1018, 398, 27205, 8051, 2755, 3131, 290, 47466, 7326]"
477,"[834, 15602, 293660, 33542, 36557, 9737, 12437, 7873, 10066, 1640, 2048, 10447, 1904, 254, 1577, 9675, 34170, 11134, 10861, 9656]"
478,"[13051, 11395, 9359, 10032, 11310, 246741, 11566, 9571, 10442, 26408, 408, 17578, 110415, 158852, 703, 9687, 696, 37247, 13667, 982]"
479,"[281957, 1581, 12437, 14069, 9587, 49530, 116, 59965, 14836, 11823, 12222, 8457, 14301, 1635, 7516, 2080, 7485, 1273, 71676, 55931]"
480,"[147773, 20156, 13020, 15003, 8069, 10280, 49963, 10546, 20829, 9716, 124067, 293863, 9404, 9366, 49806, 16375, 68924, 2895, 90603, 1774]"
481,"[405, 10835, 10217, 678, 666, 30890, 13776, 1364, 22843, 17015, 11104, 8512, 10531, 20156, 12280, 10427, 11171, 20239, 10445, 41852]"
482,"[11159, 982, 29380, 473, 47620, 3089, 902, 687, 26271, 10440, 14291, 26408, 981, 13528, 213, 223, 15121, 11386, 702, 44497]"
483,"[8069, 257211, 23172, 11216, 11455, 9549, 828, 903, 11257, 40805, 4477, 9387, 254128, 948, 12101, 9442, 1738, 11532, 10303, 10328]"
484,"[1945, 17015, 10249, 9090, 18256, 22625, 1909, 2109, 10525, 11777, 9587, 10510, 14334, 236, 11572, 170, 296, 10436, 11041, 10612]"
485,"[10322, 9442, 8844, 31357, 45325, 8012, 9598, 577, 13997, 110972, 32622, 568, 19326, 15789, 628, 3036, 11395, 12527, 236, 888]"
486,"[11235, 68735, 1710, 246655, 14560, 14334, 16771, 34444, 69735, 291270, 15003, 8069, 11876, 70578, 2288, 32657, 79519, 303, 290595, 23114]"
487,"[8512, 7007, 36912, 935, 1770, 521, 9504, 947, 279, 387, 37247, 826, 829, 982, 2323, 814, 11449, 12498, 11967, 14905]"
488,"[14337, 892, 22975, 9642, 756, 814, 58574, 11047, 8681, 805, 51876, 76726, 10191, 23483, 38050, 534, 45612, 106, 8373, 1991]"
489,"[3078, 17281, 3085, 12614, 31000, 11860, 4584, 9089, 10634, 1775, 9587, 11593, 11382, 26391, 26271, 2502, 59930, 42580, 1245, 11858]"
490,"[755, 103, 8195, 6075, 11310, 5548, 9401, 68, 207, 1573, 2322, 184, 943, 10003, 744, 10329, 9061, 2667, 9737, 306]"
491,"[10013, 30950, 25232, 13685, 9090, 19155, 10660, 23210, 32513, 132641, 101230, 6620, 223, 11076, 14136, 22660, 521, 15764, 8428, 20539]"
492,"[18620, 5801, 4174, 9455, 16129, 10728, 4497, 19760, 13685, 1873, 5544, 662, 25440, 2259, 97989, 747, 12456, 75964, 41007, 52059]"
493,"[11066, 46094, 24257, 4916, 9559, 18133, 13203, 11902, 85328, 44465, 42314, 9415, 17894, 9413, 4415, 17539, 35144, 10380, 10699, 11893]"
494,"[28145, 10660, 1245, 11446, 31044, 10907, 1712, 11816, 10608, 288, 11257, 377, 25430, 10633, 859, 23954, 3121, 9430, 9032, 12105]"
495,"[10612, 9281, 9354, 9691, 9325, 117, 10149, 604, 1909, 1024, 9447, 11382, 8011, 1641, 14291, 9607, 1933, 813, 26748, 426]"
496,"[117, 46286, 10416, 14864, 786, 17447, 673, 76, 11382, 8011, 25440, 10988, 11867, 9303, 567, 213, 630, 1585, 47260, 9401]"
497,"[12488, 13685, 43566, 71754, 11929, 3586, 36614, 9472, 47507, 26890, 56830, 8491, 1968, 31465, 26610, 34106, 4488, 17915, 574, 11337]"
498,"[11522, 6471, 755, 10634, 11814, 103, 431, 1406, 2114, 15196, 8487, 2978, 10776, 532, 1911, 567, 15, 2005, 8873, 10158]"
499,"[401, 184, 606, 12626, 345, 9008, 1213, 13342, 614, 598, 393, 8512, 527, 1640, 10436, 9303, 32574, 18203, 9716, 10218]"
500,"[11779, 24420, 10934, 15789, 1554, 9440, 10957, 1890, 15556, 49519, 21832, 13509, 10024, 11444, 14621, 22102, 49521, 9023, 11644, 44338]"
501,"[10155, 9896, 6404, 14757, 37512, 33560, 12657, 13193, 35395, 8220, 13702, 27816, 27815, 922, 75780, 13318, 981, 284, 4808, 705]"
502,"[10858, 1946, 2294, 234, 31357, 16934, 2789, 9472, 9300, 26408, 4553, 140, 1712, 10331, 4481, 335, 490, 11314, 983, 653]"
503,"[88273, 13644, 18701, 13949, 12184, 16605, 8848, 36970, 2977, 7515, 13022, 9335, 9995, 39356, 10024, 12773, 2698, 24420, 12244, 10431]"
504,"[594, 9029, 27332, 1885, 1090, 913, 388, 853, 26388, 16161, 1535, 30529, 11128, 8195, 9637, 1073, 881, 14289, 22067, 28121]"
505,"[37272, 12159, 24447, 11621, 47608, 39953, 10635, 117629, 5801, 71208, 1635, 32519, 84290, 39424, 51955, 5971, 32305, 84199, 13539, 2211]"
506,"[10328, 2605, 8487, 10776, 957, 8872, 766, 2322, 840, 9434, 9533, 2666, 927, 242, 11970, 10249, 4327, 9772, 402, 79]"
507,"[426, 9322, 847, 1678, 103, 16388, 10149, 9382, 14275, 1024, 4476, 11318, 11593, 109, 11382, 713, 935, 213, 289, 62]"
508,"[24, 289, 15, 8469, 346, 10858, 1779, 11010, 2107, 6471, 9283, 4011, 117, 162, 30197, 12560, 9749, 11382, 10395, 1607]"
509,"[333371, 34045, 10130, 17264, 12649, 278927, 9871, 1162, 22522, 10138, 246655, 71552, 76025, 23128, 2009, 14292, 9960, 40820, 35196, 24662]"
510,"[41768, 9764, 11830, 37672, 26520, 10606, 2124, 43004, 1040, 126148, 260, 11673, 45609, 37272, 5961, 38695, 9882, 21589, 11873, 21641]"
511,"[2019, 3573, 510, 429, 769, 387, 46027, 10220, 8741, 620, 141489, 808, 11862, 17015, 47018, 9536, 10534, 40154, 161495, 46797]"
512,"[949, 688, 9737, 163, 9799, 194, 8844, 8012, 4584, 687, 2054, 14435, 11859, 9208, 40154, 11780, 140420, 22894, 8467, 4476]"
513,"[103, 600, 9354, 10802, 604, 22625, 558, 2502, 1933, 104, 813, 141, 9428, 426, 567, 289, 630, 15, 62, 1832]"
514,"[891, 576, 28288, 145, 36040, 17133, 21334, 15919, 5961, 802, 4203, 21887, 33078, 25010, 29478, 17078, 11589, 11697, 12502, 8342]"
515,"[7453, 4553, 2493, 11050, 813, 404, 88875, 13342, 76341, 45317, 7191, 63, 687, 9603, 103, 7551, 10741, 30765, 10474, 2293]"
516,"[5, 18414, 1900, 2503, 9428, 155, 70, 598, 153, 1422, 935, 9611, 401, 379, 492, 641, 184, 27205, 187, 107]"
517,"[808, 10612, 695, 194, 289, 11113, 10409, 240, 9354, 17015, 11448, 11010, 2086, 103, 77, 9090, 604, 11929, 9654, 1024]"
518,"[482, 118340, 31442, 10531, 1665, 33344, 143, 8974, 912, 54933, 32015, 11478, 38925, 23069, 21128, 12919, 11163, 26813, 301, 11371]"
519,"[229, 99, 2144, 14638, 631, 37512, 19185, 33560, 32085, 775, 246, 42658, 35395, 60935, 8220, 527, 34152, 26520, 10606, 10631]"
520,"[13562, 892, 10835, 490, 3090, 832, 16633, 783, 6217, 551, 13697, 11881, 404, 961, 777, 1052, 16, 261, 1480, 223]"
521,"[910, 12560, 236, 10440, 14291, 198, 11302, 4480, 3063, 8816, 4942, 65754, 9452, 1389, 34106, 11050, 242, 8681, 5961, 30890]"
522,"[1649, 10491, 12277, 24238, 11439, 2295, 34851, 44639, 50456, 663, 17578, 2454, 10483, 244, 157353, 7350, 157820, 39452, 1724, 26564]"
523,"[118340, 10149, 10464, 3078, 10586, 9504, 1092, 11645, 903, 910, 29193, 1051, 10403, 11541, 9576, 651, 11113, 982, 9061, 9277]"
524,"[99040, 10634, 28387, 46785, 17414, 46094, 9024, 7300, 10027, 9826, 23114, 11224, 12092, 2323, 9619, 17894, 9611, 9413, 47881, 9354]"
525,"[696, 24808, 13475, 35, 598, 2023, 9691, 9587, 12280, 17600, 9826, 284, 6620, 260, 14136, 22660, 892, 3090, 3063, 168535]"
526,"[881, 1991, 10141, 1924, 11362, 83542, 37136, 42994, 291805, 1576, 1493, 1359, 509, 869, 3536, 820, 140420, 118340, 9740, 120467]"
527,"[24908, 9986, 14024, 9681, 18218, 11648, 62837, 8780, 11164, 15300, 2454, 18320, 68728, 11631, 144340, 10188, 37056, 21845, 3638, 9583]"
528,"[281957, 152601, 10872, 2928, 4942, 8413, 3525, 11597, 10189, 7446, 10956, 9517, 10778, 18533, 273248, 194662, 86838, 12163, 76203, 7345]"
529,"[13465, 10909, 36599, 11937, 17915, 2575, 65075, 12584, 11086, 157354, 13819, 26755, 33222, 10729, 109445, 23601, 2152, 32308, 18892, 10376]"
530,"[2675, 524, 947, 387, 9322, 694, 2323, 1669, 4995, 115, 380, 36685, 620, 752, 9869, 9679, 9741, 134, 9799, 180]"
531,"[17906, 103332, 1593, 1523, 1588, 30250, 12280, 15765, 16358, 2288, 1250, 21873, 11963, 1049, 11005, 13681, 10236, 16562, 9880, 9930]"
532,"[435, 9502, 14160, 10719, 598, 1271, 23378, 17768, 254, 4176, 3078, 4808, 3529, 900, 260, 11645, 3063, 11031, 49026, 18892]"
533,"[747, 13685, 1770, 11455, 11449, 4638, 1367, 13475, 865, 49538, 118340, 1487, 19995, 58, 7299, 155, 9654, 2048, 1726, 752]"
534,"[11370, 9102, 38722, 787, 638, 2454, 11371, 10675, 10193, 10590, 4614, 2022, 1817, 3291, 924, 11362, 70, 9383, 1954, 855]"
535,"[10451, 766, 9552, 6471, 162, 11545, 9326, 840, 5683, 3933, 4011, 567, 8009, 2666, 36658, 9473, 2668, 3034, 11446, 62]"
536,"[213, 630, 85638, 15121, 510, 240, 235, 756, 665, 578, 117, 9487, 1934, 620, 850, 869, 37512, 33560, 18256, 8220]"
537,"[18444, 11041, 11834, 28940, 12110, 16934, 5544, 26520, 1640, 10606, 20239, 43004, 15876, 10897, 14652, 11282, 88893, 11687, 13644, 18701]"
538,"[109, 10161, 10705, 793, 47018, 31174, 11448, 805, 845, 26564, 32646, 1909, 10451, 110, 14334, 12527, 46797, 11545, 11382, 12280]"
539,"[39310, 43634, 43488, 32146, 1710, 902, 37557, 11443, 2074, 649, 10997, 4916, 10440, 6620, 31044, 705, 381, 3085, 261, 21711]"
540,"[451, 63, 9598, 9603, 197, 103, 568, 1572, 2292, 8467, 241, 6950, 11450, 2164, 1587, 9331, 712, 8587, 854, 1637]"
541,"[11003, 747, 68718, 621, 1726, 609, 927, 8388, 16869, 9346, 6957, 9647, 11393, 1715, 14160, 925, 1406, 3131, 6977, 7326]"
542,"[524, 103, 49530, 387893, 8699, 436, 49051, 319, 14836, 9066, 935, 426, 567, 213, 289, 792, 11386, 510, 389, 947]"
543,"[238, 8012, 10329, 809, 2292, 241, 11381, 9331, 1637, 2502, 280, 268, 274, 426, 152, 686, 95, 847, 671, 672]"
544,"[10149, 11318, 12527, 26748, 227, 12244, 160588, 8289, 16023, 13685, 10531, 1024, 9587, 695, 14836, 10363, 31417, 22479, 2769, 6620]"
545,"[9587, 4481, 19, 13818, 14283, 24226, 480, 10858, 17015, 13685, 10474, 649, 17447, 8973, 10525, 87729, 8438, 527, 110, 108]"
546,"[12140, 9087, 524, 9208, 8963, 522, 10954, 55615, 193, 9472, 2064, 11310, 37233, 9593, 26466, 9479, 11969, 114, 2300, 238]"
547,"[27526, 37636, 12279, 1498, 12138, 23827, 12079, 11439, 277216, 126963, 36950, 207933, 47931, 11798, 59678, 7555, 888, 124905, 25016, 1246]"
548,"[141489, 10440, 3083, 11843, 18971, 11967, 579, 2142, 9452, 20862, 10633, 13820, 609, 859, 841, 1779, 2107, 2907, 10223, 10303]"
549,"[9281, 1678, 15602, 33542, 10547, 9826, 38955, 213, 284, 239, 963, 303, 1859, 15121, 744, 914, 199, 9366, 10176, 928]"
550,"[1271, 35796, 880, 15730, 87729, 11318, 109, 31146, 8321, 116, 32636, 26520, 10606, 43004, 34024, 1245, 1040, 10445, 14652, 20762]"
551,"[22067, 2124, 10830, 2119, 1968, 9360, 8874, 9413, 4824, 15037, 10314, 13466, 10342, 10398, 11259, 619, 10326, 10641, 8470, 13225]"
552,"[107, 1900, 141, 9428, 153, 1422, 187, 129, 672, 184, 2293, 2667, 4507, 8588, 26769, 11066, 7342, 9073, 32646, 10451]"
553,"[11418, 26769, 7342, 12657, 11017, 12153, 10723, 864, 46838, 9086, 9387, 8292, 25330, 10663, 1369, 1374, 11618, 10154, 10047, 9667]"
554,"[10705, 311, 9631, 11860, 20927, 16388, 9090, 9382, 22625, 3036, 10436, 10612, 26408, 47333, 10684, 10990, 3573, 900, 488, 1770]"
555,"[11929, 9340, 10368, 36685, 24858, 1213, 12717, 11700, 1396, 1600, 4518, 14696, 24190, 11985, 895, 31304, 44018, 2, 1563, 216]"
556,"[577, 9587, 10612, 9691, 755, 16388, 8512, 36658, 10802, 13701, 9061, 32325, 11318, 12280, 15128, 8011, 6075, 7984, 1245, 7007]"
557,"[1581, 106646, 11036, 1402, 10330, 9620, 10096, 387893, 43595, 329833, 58431, 34456, 14574, 63492, 1544, 225565, 11631, 588, 8065, 12259]"
558,"[11236, 922, 409, 422, 832, 783, 2323, 1389, 15144, 13321, 19426, 140897, 16869, 11054, 11165, 541, 10876, 18317, 614, 1576]"
559,"[595, 982, 903, 8512, 11318, 4808, 6620, 599, 3083, 475, 9504, 10765, 1412, 144, 1578, 1480, 828, 3063, 914, 288]"
560,"[9571, 1677, 68718, 770, 20758, 10765, 9277, 9522, 16619, 859, 18169, 12560, 10013, 12185, 11663, 9013, 287, 14160, 4133, 9576]"
561,"[2124, 6, 26408, 379, 4477, 3121, 19426, 8224, 404, 14242, 28145, 24226, 7305, 10326, 10784, 10424, 12518, 10875, 15137, 12528]"
562,"[118340, 26408, 3078, 4808, 212, 9040, 667, 49538, 9357, 11974, 872, 6620, 9470, 11973, 3989, 3083, 10163, 11459, 3116, 27332]"
563,"[8390, 257211, 981, 3078, 303, 1859, 7985, 975, 1092, 910, 254128, 9452, 10761, 242, 1779, 30197, 16996, 1654, 2039, 596]"
564,"[24420, 2289, 17365, 20156, 22733, 20829, 49806, 9490, 678, 11660, 4154, 24276, 36210, 18162, 18487, 65075, 44379, 4789, 11542, 57201]"
565,"[18129, 5683, 2074, 110972, 8193, 8866, 34170, 9779, 239, 599, 223, 1939, 30500, 475, 702, 1092, 10668, 17127, 15037, 3050]"
566,"[2486, 424, 20526, 9806, 107, 194, 855, 1894, 38356, 76338, 862, 166424, 7191, 451, 63, 9598, 9603, 807, 629, 197]"
567,"[8699, 10189, 1429, 5544, 140607, 166424, 4497, 7278, 14819, 8321, 116, 9472, 116745, 319067, 44264, 26408, 97989, 1653, 9981, 11324]"
568,"[296, 1366, 90, 9691, 2619, 34584, 4011, 8512, 9654, 9326, 12280, 1885, 15128, 7007, 14291, 1538, 509, 658, 567, 289]"
569,"[975, 55123, 5551, 11589, 28257, 2074, 594, 12280, 17645, 1640, 26271, 7007, 11876, 29376, 10331, 11114, 38251, 144, 422, 832]"
570,"[10395, 9559, 1245, 40805, 1389, 242, 8388, 16995, 9531, 11418, 9346, 5549, 37094, 9013, 4234, 1735, 74534, 9989, 11090, 3580]"
571,"[8447, 47475, 38722, 46063, 108176, 15602, 11860, 99861, 102899, 31174, 99040, 281957, 246, 116, 8866, 1645, 46838, 58574, 10155, 274479]"
572,"[1633, 11050, 2619, 9032, 29154, 11287, 11393, 227, 297, 1632, 31357, 9091, 4808, 14301, 9772, 11426, 9443, 1374, 2665, 11787]"
573,"[9559, 10858, 99040, 8193, 34152, 10445, 23210, 220, 819, 9504, 11816, 1412, 144, 903, 10217, 25430, 42121, 8741, 31662, 10400]"
574,"[10835, 110, 1052, 1443, 5156, 10858, 389, 703, 9401, 4816, 16934, 10149, 10531, 12527, 23210, 26408, 17600, 32562, 27768, 18203]"
575,"[9516, 47333, 638, 8413, 37636, 9840, 24584, 16869, 49184, 10399, 13898, 21488, 15592, 21055, 44321, 17731, 10269, 28907, 3640, 30309]"
576,"[10858, 11104, 26520, 10606, 43004, 26271, 1040, 14652, 10363, 126148, 66473, 4481, 54405, 10161, 1554, 55207, 11831, 102304, 38695, 129628]"
577,"[892, 229, 24746, 3309, 9406, 11901, 11040, 11953, 29005, 1396, 9960, 54087, 6521, 2134, 548, 10712, 1956, 9567, 1555, 8981]"
578,"[1372, 4944, 17654, 675, 2270, 7735, 20352, 1262, 4538, 12445, 40264, 37799, 8953, 1824, 924, 10528, 7345, 83542, 87827, 140420]"
579,"[6415, 55, 1574, 652, 401, 9675, 16869, 670, 14160, 18785, 17654, 4547, 245, 1817, 2832, 6977, 7270, 37799, 508, 470]"
580,"[145, 11001, 2990, 10083, 452, 3172, 28053, 2266, 4723, 11549, 38356, 14013, 11454, 10950, 36136, 38757, 4485, 15660, 20438, 64688]"
581,"[23114, 765, 3034, 16633, 12104, 11349, 10622, 927, 11976, 15144, 37550, 1091, 1678, 10658, 30168, 11037, 29154, 22213, 11570, 36652]"
582,"[8973, 10909, 18129, 765, 825, 10047, 9013, 9007, 6282, 13166, 11385, 18317, 14306, 9549, 2055, 702, 9382, 9844, 8810, 343]"
583,"[1572, 6950, 2164, 3049, 9331, 712, 36955, 37233, 788, 858, 251, 268, 954, 602, 826, 525, 771, 1587, 11450, 241]"
584,"[14819, 70670, 49527, 11299, 22824, 5544, 281957, 7278, 319067, 14337, 9981, 2288, 75233, 257211, 109443, 4808, 17473, 22972, 42297, 27583]"
585,"[422, 8129, 28978, 28971, 17169, 37672, 37719, 22584, 439, 27526, 10178, 246, 29264, 5179, 5801, 22733, 2119, 1405, 14905, 5910]"
586,"[561, 10895, 1677, 814, 9404, 58574, 56292, 8681, 11639, 34584, 9825, 967, 253768, 534, 13183, 17339, 2134, 19490, 956, 591]"
587,"[11114, 12335, 29968, 14742, 9465, 10210, 10366, 40867, 32255, 12220, 10402, 14886, 54087, 11215, 3172, 299, 22784, 22824, 129670, 10168]"
588,"[141, 433, 9354, 117, 809, 8741, 401, 1538, 1933, 104, 6488, 322, 813, 935, 671, 6415, 194, 426, 289, 630]"
589,"[401, 1103, 639, 11003, 1726, 1885, 824, 565, 9654, 322, 10674, 617, 902, 6075, 1538, 1844, 409, 1894, 296, 1366]"
590,"[10858, 401, 567, 9504, 829, 982, 586, 9340, 346, 11814, 8741, 796, 9430, 8487, 6415, 8469, 243, 786, 13785, 146]"
591,"[28257, 9890, 594, 637, 2623, 966, 9576, 13965, 14811, 4547, 9480, 455, 9471, 3291, 11775, 6964, 243, 11153, 453, 9531]"
592,"[395, 242, 1271, 950, 1498, 7220, 25602, 9536, 10634, 11036, 1372, 16771, 22317, 9607, 47333, 1577, 2300, 18670, 3989, 1677]"
593,"[2502, 1597, 10634, 10474, 10149, 9090, 40156, 16771, 2048, 2246, 10447, 9559, 11134, 10218, 1103, 11778, 1633, 10404, 7340, 3179]"
594,"[50247, 1859, 28268, 41391, 48831, 42449, 26648, 9524, 12496, 632, 11356, 51333, 480, 38442, 15383, 29586, 49842, 37719, 2926, 47018]"
595,"[32513, 41768, 33324, 21734, 25010, 15668, 10588, 99861, 271110, 35196, 9089, 406, 63076, 11062, 11066, 253941, 649, 5894, 38722, 31146]"
596,"[16934, 2259, 88893, 659, 490, 36040, 22797, 11051, 29968, 16642, 9609, 13776, 10648, 10024, 11700, 38684, 7347, 23333, 548, 32636]"
597,"[13562, 9283, 25010, 16620, 23949, 2771, 3777, 10858, 28257, 31526, 13685, 11104, 40156, 3515, 26520, 39953, 10606, 9024, 43004, 259389]"
598,"[11846, 68718, 10907, 5769, 1375, 16642, 88875, 29478, 10687, 12919, 1632, 10135, 2616, 11584, 2359, 1571, 1908, 16869, 2671, 221]"
599,"[15764, 82682, 5876, 577, 435, 9382, 22625, 1909, 15789, 11777, 9587, 37710, 16559, 72113, 15128, 21386, 9024, 2625, 24405, 15788]"
600,"[5544, 9909, 451, 3638, 710, 8012, 63, 9598, 9603, 629, 49133, 2054, 11859, 9208, 2045, 11000, 414, 8963, 1572, 9482]"
601,"[103, 7551, 8467, 854, 771, 147538, 14784, 2105, 9377, 445, 13310, 121986, 533, 8051, 290, 103663, 4543, 613, 5876, 79]"
602,"[826, 2671, 880, 38722, 9256, 7007, 67, 41852, 9323, 963, 260, 10938, 9305, 10548, 7452, 947, 595, 10835, 703, 387]"
603,"[38955, 859, 9460, 10974, 11379, 9509, 6, 10467, 411, 41852, 26748, 3078, 4808, 900, 488, 9333, 10163, 4481, 11216, 1412]"
604,"[6075, 163, 819, 9322, 982, 10155, 11702, 9448, 793, 2112, 9455, 13466, 617, 1710, 9263, 10741, 18402, 10510, 8438, 161495]"
605,"[3175, 28501, 2020, 21, 20637, 39934, 10297, 11457, 11086, 993, 1537, 17734, 24750, 14112, 19429, 15600, 11145, 111815, 8092, 13936]"
606,"[311, 3035, 11859, 9905, 9472, 10427, 1599, 242582, 521, 27583, 490, 1480, 422, 74, 10322, 8077, 814, 9366, 14585, 8834]"
607,"[12437, 276, 14301, 12477, 19901, 49636, 12205, 57158, 246, 7551, 37958, 7249, 49538, 10155, 14811, 534, 15824, 13183, 1272, 8953]"
608,"[3109, 34106, 18603, 41276, 2755, 11986, 11420, 14139, 8973, 15730, 5967, 14560, 13073, 15003, 5801, 68718, 31417, 28288, 659, 124067]"
609,"[18620, 6471, 11862, 9087, 21032, 47018, 577, 34996, 13193, 110, 31146, 9359, 12280, 2654, 9409, 57834, 10440, 27307, 10988, 37144]"
610,"[2164, 9495, 168672, 14337, 8618, 264660, 9591, 769, 914, 1667, 686, 9631, 9029, 34584, 1090, 11774, 45612, 445, 9705, 2196]"
611,"[688, 9909, 10329, 9482, 9359, 408, 4523, 11862, 11859, 4584, 2045, 8963, 8984, 397, 4476, 11395, 2064, 10731, 712, 24908]"
612,"[770, 39451, 11386, 11886, 9884, 14756, 13823, 2252, 1091, 87827, 281957, 57158, 58574, 101299, 4553, 11360, 12162, 23483, 8321, 49538]"
613,"[9208, 116, 33542, 664, 199, 11566, 3065, 9331, 2064, 658, 10719, 330, 10218, 628, 1573, 756, 36955, 114, 5548, 429]"
614,"[2074, 747, 22073, 147, 3114, 891, 322, 37719, 47018, 139405, 27526, 9283, 36557, 26564, 10531, 7453, 87729, 5544, 527, 46797]"
615,"[9343, 615, 244267, 1024, 103332, 10909, 284, 10122, 44912, 10149, 12280, 39953, 117629, 303, 1859, 3080, 900, 10331, 14285, 490]"
616,"[120, 46785, 8512, 673, 1895, 11867, 935, 9806, 164, 239, 289, 62, 475, 792, 11386, 4481, 11216, 26561, 510, 185]"
617,"[166424, 13193, 8390, 257211, 787, 12177, 34016, 11497, 21873, 707, 13804, 10552, 16281, 1443, 11678, 9705, 1995, 47933, 269149, 321697]"
618,"[577, 11010, 14275, 241, 712, 532, 110465, 284, 963, 900, 475, 792, 9504, 702, 18129, 429, 769, 1480, 235, 982]"
619,"[935, 15, 510, 429, 12498, 2086, 9302, 26564, 109, 14291, 3053, 9806, 18555, 238, 426, 567, 213, 289, 963, 630]"
620,"[1909, 436, 9716, 10161, 27214, 6217, 794, 17917, 8536, 99, 15655, 16, 8470, 10707, 142, 2771, 22832, 338, 290, 9087]"
621,"[108, 11893, 24452, 28384, 28257, 2074, 40156, 12527, 11939, 34152, 16771, 24257, 15876, 10440, 32562, 576, 32513, 13562, 3529, 260]"
622,"[97, 12445, 117, 8193, 2109, 1934, 9326, 9451, 10193, 860, 177572, 252, 623, 1213, 9869, 240, 829, 2323, 1930, 642]"
623,"[23449, 37616, 11880, 31526, 435, 47608, 8920, 1024, 19101, 8981, 39953, 168672, 436, 259389, 26408, 197033, 117629, 10145, 30548, 1599]"
624,"[7452, 15919, 11167, 20334, 47620, 3110, 911, 32961, 11502, 14588, 11030, 50754, 2013, 20562, 11042, 147, 845, 24807, 229, 20561]"
625,"[53182, 20453, 86829, 546, 50275, 41630, 266856, 94329, 180299, 9602, 2295, 1018, 72105, 4147, 8051, 22538, 1817, 2832, 4464, 109424]"
626,"[1710, 12626, 10013, 13485, 88875, 10784, 27418, 4584, 13685, 8839, 8512, 13193, 10436, 436, 15876, 13644, 18701, 13949, 9308, 16605]"
627,"[11371, 10073, 20526, 13644, 18701, 16605, 177572, 14922, 10155, 834, 36970, 2977, 7515, 13022, 18487, 9995, 14295, 8373, 10024, 12773]"
628,"[111794, 2291, 644, 10604, 11484, 9663, 10003, 8487, 51044, 650, 24066, 10881, 4909, 35196, 13252, 880, 18290, 10178, 20649, 15730]"
629,"[9057, 9489, 9691, 46785, 9836, 110972, 12106, 108, 888, 10660, 11011, 15128, 2246, 5550, 40206, 10586, 402, 2323, 9434, 8874]"
630,"[2039, 838, 205, 396, 805, 574, 55, 30197, 9576, 10683, 142, 3033, 4518, 12560, 10427, 9276, 436, 1548, 1946, 4806]"
631,"[755, 8467, 6950, 454, 10637, 634, 141, 453, 949, 8012, 9598, 9603, 9804, 241, 9472, 1587, 712, 1640, 1777, 9571]"
632,"[58574, 137113, 102899, 9372, 11253, 11282, 9675, 953, 567, 289, 177572, 12155, 982, 74, 8681, 51876, 217, 10191, 10312, 9502]"
633,"[15171, 850, 860, 567, 10218, 11031, 2323, 11176, 378, 10890, 786, 473, 9340, 380, 117, 2280, 14291, 155, 3034, 583]"
634,"[680, 854, 500, 510, 115, 637, 786, 1900, 862, 63, 807, 629, 197, 103, 568, 628, 11, 8587, 1637, 36955]"
635,"[3035, 4437, 10669, 10388, 223, 3085, 900, 11235, 832, 814, 68924, 10876, 11159, 9549, 10403, 396, 10858, 11448, 10223, 910]"
636,"[2293, 11395, 9905, 23333, 2788, 25440, 2259, 9323, 12092, 765, 7340, 621, 378, 10890, 184, 1878, 15171, 31995, 10377, 11287]"
637,"[862, 568, 8467, 11, 101, 13, 1637, 10502, 812, 114, 15, 623, 744, 68, 185, 311, 33, 2649, 115, 746]"
638,"[8068, 902, 139405, 34615, 36593, 10436, 10539, 9308, 62, 3598, 2897, 864, 11561, 4480, 68, 149, 10322, 9403, 18080, 9444]"
639,"[1640, 426, 963, 599, 15, 11561, 11386, 18129, 10835, 11645, 10705, 1578, 703, 387, 9665, 1480, 829, 982, 3034, 11031]"
640,"[10249, 11861, 17182, 103, 26564, 10149, 14275, 11593, 22067, 18215, 2124, 26141, 43535, 319, 28121, 47449, 8069, 9103, 90214, 935]"
641,"[26408, 22660, 1103, 4233, 609, 796, 1541, 13685, 2074, 8512, 15730, 32636, 34152, 1640, 31642, 10440, 7007, 2088, 17600, 411]"
642,"[10427, 52059, 1567, 1414, 22267, 54933, 9071, 10149, 36834, 10531, 20156, 11318, 527, 109, 87078, 31642, 21450, 695, 23210, 10895]"
643,"[935, 829, 756, 11031, 2323, 639, 710, 9087, 8012, 451, 9598, 687, 9603, 103, 8963, 522, 628, 241, 1587, 2064]"
644,"[49133, 26564, 11318, 527, 1587, 713, 981, 488, 52855, 975, 10409, 1092, 859, 244, 21719, 8052, 11562, 476, 26617, 20283]"
645,"[755, 31146, 4553, 176, 9291, 8275, 9641, 9619, 1635, 12538, 1444, 5172, 26598, 431, 12088, 297, 110147, 2069, 14736, 9679]"
646,"[2048, 36355, 17281, 87818, 9705, 644, 855, 11528, 425, 9095, 10874, 673, 10451, 43742, 52451, 2502, 11231, 867, 401, 395]"
647,"[670, 16934, 16391, 16097, 10112, 9675, 790, 659, 655, 8129, 2144, 1548, 533, 12665, 4497, 26441, 17414, 9283, 406, 43566]"
648,"[12437, 32325, 86829, 1689, 273481, 46838, 10027, 14337, 1435, 49963, 38955, 28288, 32574, 9305, 790, 2661, 320011, 47452, 266294, 143]"
649,"[935, 240, 36643, 8512, 87729, 40156, 12651, 39953, 7007, 872, 426, 963, 15, 62, 8356, 11561, 521, 11216, 947, 279]"
650,"[629, 10149, 2292, 522, 14275, 1024, 11318, 38722, 278, 11382, 10449, 558, 11934, 18133, 78, 11827, 36915, 532, 11113, 864]"
651,"[9598, 97, 10020, 36685, 531, 68, 9277, 13685, 34584, 673, 2028, 118340, 310, 1367, 1371, 1374, 11566, 9571, 747, 6415]"
652,"[638, 33344, 8856, 10803, 2302, 23949, 5544, 9067, 26141, 18133, 97989, 12456, 75964, 2288, 46986, 9779, 8461, 40206, 488, 13967]"
653,"[1640, 37616, 37530, 957, 13342, 26953, 11072, 2609, 22915, 12484, 20443, 33172, 29095, 8867, 20009, 39578, 26725, 17168, 15347, 902]"
654,"[4107, 7446, 38722, 1859, 521, 20539, 12311, 42121, 53565, 3175, 36773, 30547, 29263, 39938, 9352, 22972, 2295, 13377, 39356, 8669]"
655,"[2059, 435, 26466, 981, 872, 284, 599, 15, 303, 1859, 475, 9504, 702, 790, 975, 1092, 11645, 1578, 703, 982]"
656,"[9909, 2054, 108, 9359, 1245, 221917, 3053, 124645, 872, 85638, 40206, 422, 8428, 6072, 42861, 15919, 24951, 10803, 16520, 3035]"
657,"[153, 817, 141, 630, 62, 557, 180, 1422, 187, 1597, 28, 539, 104, 492, 694, 578, 792, 1024, 87, 935]"
658,"[702, 696, 10549, 3170, 8741, 9430, 141489, 12105, 838, 925, 1648, 6977, 8619, 17015, 11448, 10534, 9283, 11062, 9302, 20649]"
659,"[981, 872, 770, 8491, 642, 16448, 19931, 594, 948, 859, 10340, 12230, 97, 3525, 2028, 8130, 10328, 9671, 10314, 796]"
660,"[16538, 8960, 32823, 269149, 13885, 298, 50646, 41630, 15373, 5038, 242582, 3989, 59962, 7446, 670, 27576, 4523, 1949, 109421, 83666]"
661,"[63, 568, 268, 114, 2059, 754, 11010, 197, 1581, 1572, 435, 42658, 60935, 6950, 2164, 116, 9331, 712, 36955, 152601]"
662,"[426, 15, 35115, 947, 387, 9665, 37247, 826, 829, 982, 38904, 4518, 8741, 2277, 36773, 786, 9889, 16161, 30529, 12498]"
663,"[15602, 11862, 11860, 524, 4584, 293660, 451, 34615, 577, 49133, 40154, 2045, 103, 9737, 809, 435, 673, 140420, 109445, 31611]"
664,"[21032, 6312, 30072, 197033, 167581, 2742, 50544, 13020, 22479, 9738, 10207, 11416, 10086, 2623, 18480, 39938, 2084, 51044, 931, 9538]"
665,"[19995, 10528, 10780, 146599, 2654, 18069, 30528, 18550, 22688, 57575, 38554, 828, 36758, 10336, 1281, 43037, 2453, 38965, 9599, 42597]"
666,"[15171, 10149, 36834, 10531, 10403, 11593, 3033, 9466, 21450, 9300, 23210, 114719, 21719, 26748, 3529, 11159, 4480, 10548, 1578, 703]"
667,"[18620, 27768, 935, 642, 8741, 423, 11062, 2074, 15730, 10412, 922, 872, 426, 213, 963, 15, 62, 10331, 9401, 42314]"
668,"[165, 244, 16869, 462, 11448, 9208, 2045, 33542, 17447, 8193, 72031, 9905, 9479, 1895, 9802, 664, 9675, 164, 426, 963]"
669,"[955, 1584, 36557, 9737, 1640, 9559, 401, 576, 1538, 747, 68718, 2769, 6620, 599, 381, 1859, 1939, 22292, 3080, 3529]"
670,"[10858, 10220, 12527, 1618, 387, 31017, 68924, 11635, 11448, 9740, 99040, 18331, 10149, 10531, 1024, 9821, 527, 110, 9447, 11252]"
671,"[49026, 6283, 11319, 8393, 10191, 14242, 10193, 8840, 1124, 9312, 12092, 10719, 11688, 12445, 27205, 176, 13193, 116, 26561, 297]"
